[
	{"first":"obh","second":"o1","dist":1},
	{"first":"o1","second":"o2","dist":1},
	{"first":"o2","second":"o3","dist":1},
	{"first":"o3","second":"o4","dist":1},
	{"first":"o4","second":"o5","dist":1},
	{"first":"o5","second":"o6","dist":1},
	{"first":"o6","second":"o7","dist":1},
	{"first":"o7","second":"o8","dist":1},
	{"first":"o8","second":"o9","dist":1},
	{"first":"o9","second":"c1","dist":1},
	{"first":"c1","second":"canteen1","dist":1},
	{"first":"canteen1","second":"c2","dist":1},
	{"first":"c2","second":"c3","dist":1},
	{"first":"c3","second":"guesthouse","dist":1},
	{"first":"c1","second":"f1","dist":1},
	{"first":"f1","second":"felicityground","dist":1},
	{"first":"f1","second":"a","dist":1},
	{"first":"a","second":"nbh","dist":1},
	{"first":"a","second":"b","dist":2},
	{"first":"b","second":"nbhmess","dist":1},
	{"first":"a","second":"c","dist":1},
	{"first":"c","second":"m","dist":1},
	{"first":"m","second":"d","dist":1},
	{"first":"b","second":"d","dist":1},
	{"first":"c","second":"e","dist":1},
	{"first":"d","second":"f","dist":1},
	{"first":"m","second":"musicroom","dist":1},
	{"first":"e","second":"n","dist":1},
	{"first":"n","second":"f","dist":1},
	{"first":"n","second":"arogya","dist":1},
	{"first":"e","second":"g","dist":1},
	{"first":"f","second":"h","dist":1},
	{"first":"g","second":"h","dist":2},
	{"first":"h","second":"i","dist":1},
	{"first":"i","second":"j","dist":1},
	{"first":"j","second":"canteen2","dist":1},
	{"first":"j","second":"k","dist":1},
	{"first":"k","second":"vindhyaa6","dist":1},
	{"first":"vindhyaa6","second":"library","dist":1},
	{"first":"k","second":"v1","dist":1},	
	{"first":"v1","second":"himalaya","dist":1},
	{"first":"v1","second":"vindhyaa4","dist":1},
	{"first":"v1","second":"v2","dist":1},
	{"first":"v2","second":"vindhyaa2","dist":1},
	{"first":"b","second":"gh1","dist":1},
	{"first":"gh1","second":"girlshostel","dist":1},
	{"first":"gh1","second":"gh3","dist":1},
	{"first":"gh3","second":"basketballcourt","dist":1},
	{"first":"gh3","second":"basketballcanteen","dist":1},
	{"first":"gh2","second":"nilgiri","dist":1},
	{"first":"gh3","second":"gh2","dist":1},
	{"first":"i","second":"l","dist":1},
	{"first":"l","second":"nilgiri","dist":1},
	{"first":"l","second":"l1","dist":1},
	{"first":"l1","second":"l2","dist":1},
	{"first":"l2","second":"l3","dist":1},
	{"first":"l3","second":"l4","dist":1},
	{"first":"l4","second":"vindhyac6","dist":1},
	{"first":"vindhyac6","second":"l5","dist":1},
	{"first":"l5","second":"sbh","dist":1},
	{"first":"l1","second":"g1","dist":1},
	{"first":"g1","second":"g2","dist":1},
	{"first":"g2","second":"g3","dist":1},
	{"first":"g3","second":"g4","dist":1},
	{"first":"g4","second":"vindhyac4","dist":1},
	{"first":"g1","second":"g5","dist":1},
	{"first":"g5","second":"g6","dist":1},
	{"first":"g6","second":"g7","dist":1},
	{"first":"g7","second":"g8","dist":1},
	{"first":"g8","second":"g9","dist":1},
	{"first":"g9","second":"vindhyac2","dist":1},
	{"first":"g1","second":"gate1","dist":1},
	{"first":"gate1","second":"gate2","dist":1},
	{"first":"gate2","second":"gate3","dist":1},
	{"first":"gate3","second":"gate4","dist":1},
	{"first":"gate4","second":"iiitgate","dist":1},
	{"first":"iiitgate","second":"atm","dist":1},
	{"first":"gate5","second":"gate6","dist":1},
	{"first":"gate6","second":"gate7","dist":1},
	{"first":"gate7","second":"gate8","dist":1},
	{"first":"gate8","second":"v3","dist":1},
	{"first":"v3","second":"v1","dist":1}
]