[

	{"name":"obh","lati":17.44507,"longi":78.34606},
	{"name":"o1","lati":17.44516,"longi":78.34615},
	{"name":"o2","lati":17.44521,"longi":78.3461},
	{"name":"o3","lati":17.44526,"longi":78.34609},
	{"name":"o4","lati":17.44533,"longi":78.34608},
	{"name":"o5","lati":17.44538,"longi":78.34611},
	{"name":"o6","lati":17.44542,"longi":78.34616},
	{"name":"o7","lati":17.44544,"longi":78.34622},
	{"name":"o8","lati":17.44544,"longi":78.34628},
	{"name":"o9","lati":17.44541,"longi":78.34636},
	{"name":"c1","lati":17.44601,"longi":78.34691},
	{"name":"canteen1","lati":17.44581,"longi":78.34715},
	{"name":"c2","lati":17.44595,"longi":78.34733},
	{"name":"c3","lati":17.44588,"longi":78.34737},
	{"name":"guesthouse","lati":17.44581,"longi":78.34743},
	{"name":"f1","lati":17.44637,"longi":78.34726},
	{"name":"felicityground","lati":17.44646,"longi":78.34715},
	{"name":"a","lati":17.44642,"longi":78.34732},
	{"name":"nbh","lati":17.44651,"longi":78.34721},
	{"name":"b","lati":17.44685,"longi":78.34773},
	{"name":"nbhmess","lati":17.44692,"longi":78.34763},
	{"name":"c","lati":17.44614,"longi":78.34765},
	{"name":"d","lati":17.44661,"longi":78.34805},
	{"name":"m","lati":17.44629,"longi":78.34778},
	{"name":"musicroom","lati":17.44641,"longi":78.34765},
	{"name":"e","lati":17.44589,"longi":78.34797},
	{"name":"f","lati":17.44638,"longi":78.34836},
	{"name":"g","lati":17.44559,"longi":78.34834},
	{"name":"h","lati":17.44607,"longi":78.34877},
	{"name":"n","lati":17.44622,"longi":78.34824},
	{"name":"arogya","lati":17.44629,"longi":78.34814},
	{"name":"i","lati":17.44612,"longi":78.34881},
	{"name":"j","lati":17.44602,"longi":78.34893},
	{"name":"canteen2","lati":17.44618,"longi":78.34911},
	{"name":"k","lati":17.4458,"longi":78.34919},
	{"name":"vindhyaa6","lati":17.44583,"longi":78.34922},
	{"name":"library","lati":17.44586,"longi":78.34926},
	{"name":"v1","lati":17.44549,"longi":78.34956},
	{"name":"v2","lati":17.44511,"longi":78.35},
	{"name":"vindhyaa4","lati":17.44553,"longi":78.34961},
	{"name":"vindhyaa2","lati":17.44519,"longi":78.35005},
	{"name":"himalaya","lati":17.44532,"longi":78.34935},
	{"name":"gh1","lati":17.44714,"longi":78.348},
	{"name":"girlshostel","lati":17.44725,"longi":78.34788},
	{"name":"gh2","lati":17.44773,"longi":78.34856},
	{"name":"gh3","lati":17.44746,"longi":78.34828},
	{"name":"basketballcourt","lati":17.44765,"longi":78.34807},
	{"name":"basketballcanteen","lati":17.44764,"longi":78.34791},
	{"name":"nilgiri","lati":17.4474,"longi":78.34893},
	{"name":"l","lati":17.44691,"longi":78.34952},
	{"name":"l1","lati":17.44674,"longi":78.34973},
	{"name":"l2","lati":17.44667,"longi":78.34968},
	{"name":"l3","lati":17.44659,"longi":78.34967},
	{"name":"l4","lati":17.44651,"longi":78.34967},
	{"name":"vindhyac6","lati":17.44642,"longi":78.34973},
	{"name":"l5","lati":17.44634,"longi":78.34964},
	{"name":"sbh","lati":17.44641,"longi":78.34955},
	{"name":"g1","lati":17.44638,"longi":78.35017},
	{"name":"g2","lati":17.44629,"longi":78.3501},
	{"name":"g3","lati":17.44621,"longi":78.35008},
	{"name":"g4","lati":17.44613,"longi":78.3501},
	{"name":"vindhyac4","lati":17.44608,"longi":78.35014},
	{"name":"g5","lati":17.44607,"longi":78.35053},
	{"name":"g6","lati":17.44601,"longi":78.35049},
	{"name":"g7","lati":17.44594,"longi":78.35046},
	{"name":"g8","lati":17.44587,"longi":78.35046},
	{"name":"g9","lati":17.44577,"longi":78.3505},
	{"name":"vindhyac2","lati":17.44573,"longi":78.35054},
	{"name":"gate1","lati":17.44571,"longi":78.35096},
	{"name":"gate2","lati":17.44576,"longi":78.35102},	
	{"name":"gate3","lati":17.44576,"longi":78.35113},
	{"name":"gate4","lati":17.44571,"longi":78.3512},
	{"name":"iiitgate","lati":17.44598,"longi":78.35151},
	{"name":"atm","lati":17.4459,"longi":78.3516},
	{"name":"gate5","lati":17.44562,"longi":78.35121},
	{"name":"gate6","lati":17.44557,"longi":78.35118},
	{"name":"gate7","lati":17.44552,"longi":78.3511},
	{"name":"gate8","lati":17.44553,"longi":78.35101},
	{"name":"v3","lati":17.44482,"longi":78.35034}
	
]