[
	{"lat":17.44487,"long":78.34659,"room":"e308","alt":"3","building":"obh","img":"img/img308.jpg","description":"","person":""},
	{"lat":17.44487,"long":78.34659,"room":"e208","alt":"2","building":"obh","img":"","description":"","person":"adatravuharinarayana"},
	{"lat":17.44487,"long":78.34659,"room":"e108","alt":"1","building":"obh","img":"","description":"","person":"anirudhkanojia"},
	{"lat":17.44485,"long":78.34658,"room":"e307","alt":"3","building":"obh","img":"","description":"","person":"jammuashokkumarnaidu"},
	{"lat":17.44485,"long":78.34658,"room":"e207","alt":"2","building":"obh","img":"","description":"","person":"miduthurisandilya"},
	{"lat":17.44485,"long":78.34658,"room":"e107","alt":"1","building":"obh","img":"","description":"","person":""},
	{"lat":17.44482,"long":78.34657,"room":"e306","alt":"3","building":"obh","img":"","description":"","person":"krishnatejayadavalli"},
	{"lat":17.44482,"long":78.34657,"room":"e206","alt":"2","building":"obh","img":"","description":"","person":"ravitejagovinduluri"},
	{"lat":17.44482,"long":78.34657,"room":"e106","alt":"1","building":"obh","img":"","description":"","person":"jaspreetsingh"},
	{"lat":17.44477,"long":78.34656,"room":"e305","alt":"3","building":"obh","img":"","description":"","person":"psaichaitanyareddy"},
	{"lat":17.44477,"long":78.34656,"room":"e205","alt":"2","building":"obh","img":"","description":"","person":"allusrikar"},
	{"lat":17.44477,"long":78.34656,"room":"e105","alt":"1","building":"obh","img":"","description":"","person":""},
	{"lat":17.44473,"long":78.34654,"room":"e304","alt":"3","building":"obh","img":"","description":"","person":"agnisnatodatta"},
	{"lat":17.44473,"long":78.34654,"room":"e204","alt":"2","building":"obh","img":"","description":"","person":"alumpallyanirudh"},
	{"lat":17.44473,"long":78.34654,"room":"e104","alt":"1","building":"obh","img":"","description":"","person":"gauravparidh"},
	{"lat":17.44471,"long":78.34653,"room":"e303","alt":"3","building":"obh","img":"","description":"","person":"adityajain"},
	{"lat":17.44471,"long":78.34653,"room":"e203","alt":"2","building":"obh","img":"","description":"","person":"gsaivishwateja"},
	{"lat":17.44471,"long":78.34653,"room":"e103","alt":"1","building":"obh","img":"","description":"","person":"kalpitthakkar"},
	{"lat":17.44467,"long":78.34652,"room":"e302","alt":"3","building":"obh","img":"","description":"","person":"shubhamchhabra"},
	{"lat":17.44467,"long":78.34652,"room":"e202","alt":"2","building":"obh","img":"","description":"","person":"katherarishi"},
	{"lat":17.44467,"long":78.34652,"room":"e102","alt":"1","building":"obh","img":"","description":"","person":"mohitbajaj"},
	{"lat":17.44462,"long":78.34651,"room":"e301","alt":"3","building":"obh","img":"","description":"","person":"abhijeetnareshthakur"},
	{"lat":17.44462,"long":78.34651,"room":"e201","alt":"2","building":"obh","img":"","description":"","person":"kasireddychetan"},
	{"lat":17.44462,"long":78.34651,"room":"e101","alt":"1","building":"obh","img":"","description":"","person":"akashkant"},
	{"lat":17.44491,"long":78.34647,"room":"toilet","alt":"0","building":"obh","img":"","description":"","person":""},
	{"lat":17.44491,"long":78.34647,"room":"","alt":"2","building":"obh","img":"","description":"","person":""},
	{"lat":17.44491,"long":78.34647,"room":"","alt":"1","building":"obh","img":"","description":"","person":""},
	{"lat":17.44485,"long":78.34646,"room":"e309","alt":"3","building":"obh","img":"img/img309.jpg","description":"","person":"cgidralanagarjuna"},
	{"lat":17.44485,"long":78.34646,"room":"e209","alt":"2","building":"obh","img":"","description":"","person":"manyampuneethraj"},
	{"lat":17.44485,"long":78.34646,"room":"e109","alt":"1","building":"obh","img":"","description":"","person":"gouravmohanty"},
	{"lat":17.44482,"long":78.34645,"room":"e310","alt":"3","building":"obh","img":"","description":"","person":"nikhilchandra"},
	{"lat":17.44482,"long":78.34645,"room":"e210","alt":"2","building":"obh","img":"","description":"","person":"kukunoorumaheshreddy"},
	{"lat":17.44482,"long":78.34645,"room":"e110","alt":"1","building":"obh","img":"","description":"","person":""},
	{"lat":17.44478,"long":78.34642,"room":"e311","alt":"3","building":"obh","img":"","description":"","person":"mayankgambhir"},
	{"lat":17.44478,"long":78.34642,"room":"e211","alt":"2","building":"obh","img":"","description":"","person":"ybhargav"},
	{"lat":17.44478,"long":78.34642,"room":"e111","alt":"1","building":"obh","img":"","description":"","person":""},
	{"lat":17.44474,"long":78.34641,"room":"e312","alt":"3","building":"obh","img":"","description":"","person":"mayankagrawal"},
	{"lat":17.44474,"long":78.34641,"room":"e212","alt":"2","building":"obh","img":"","description":"","person":"muralidharkonda"},
	{"lat":17.44474,"long":78.34641,"room":"e112","alt":"1","building":"obh","img":"","description":"","person":"vivekjain"},
	{"lat":17.44471,"long":78.34642,"room":"e313","alt":"3","building":"obh","img":"","description":"","person":"amarbudhiraja"},
	{"lat":17.44471,"long":78.34642,"room":"e213","alt":"2","building":"obh","img":"","description":"","person":"maripipradeep"},
	{"lat":17.44471,"long":78.34642,"room":"e113","alt":"1","building":"obh","img":"","description":"","person":"ankitkotak"},
	{"lat":17.44467,"long":78.34638,"room":"e314","alt":"3","building":"obh","img":"","description":"","person":"aniruddhravipati"},
	{"lat":17.44467,"long":78.34638,"room":"e214","alt":"2","building":"obh","img":"","description":"","person":"patlallachandrakaranreddy"},
	{"lat":17.44467,"long":78.34638,"room":"e114","alt":"1","building":"obh","img":"","description":"","person":"mohitjain"},
	{"lat":17.44455,"long":78.34646,"room":"e315","alt":"3","building":"obh","img":"","description":"","person":"ssaikrishnareddy"},
	{"lat":17.44455,"long":78.34646,"room":"e215","alt":"2","building":"obh","img":"","description":"","person":"dsunil"},
	{"lat":17.44455,"long":78.34646,"room":"e115","alt":"1","building":"obh","img":"","description":"","person":"arvindmenon"},
	{"lat":17.44455,"long":78.34643,"room":"e316","alt":"3","building":"obh","img":"","description":"","person":"badavathsrikanth"},
	{"lat":17.44455,"long":78.34643,"room":"e216","alt":"2","building":"obh","img":"","description":"","person":"harishkrishna"},
	{"lat":17.44455,"long":78.34643,"room":"e116","alt":"1","building":"obh","img":"","description":"","person":"sarveshmahajan"},
	{"lat":17.44454,"long":78.34641,"room":"e317","alt":"3","building":"obh","img":"","description":"","person":"drohitvarma"},
	{"lat":17.44454,"long":78.34641,"room":"e217","alt":"2","building":"obh","img":"","description":"","person":"akshayjaggi"},
	{"lat":17.44454,"long":78.34641,"room":"e117","alt":"1","building":"obh","img":"","description":"","person":"vigneshprasad"},
	{"lat":17.4447,"long":78.34631,"room":"e318","alt":"3","building":"obh","img":"","description":"","person":"ayushtripathi"},
	{"lat":17.4447,"long":78.34631,"room":"e218","alt":"2","building":"obh","img":"","description":"","person":"parthverma"},
	{"lat":17.4447,"long":78.34631,"room":"e118","alt":"1","building":"obh","img":"","description":"","person":"rajataggarwal"},
	{"lat":17.44446,"long":78.34627,"room":"e319","alt":"3","building":"obh","img":"","description":"","person":"vikramahuja"},
	{"lat":17.44446,"long":78.34627,"room":"e219","alt":"2","building":"obh","img":"","description":"","person":"amanarora"},
	{"lat":17.44446,"long":78.34627,"room":"e119","alt":"1","building":"obh","img":"","description":"","person":"divyakumar"},
	{"lat":17.44443,"long":78.34622,"room":"e320","alt":"3","building":"obh","img":"","description":"","person":"asifhussain"},
	{"lat":17.44443,"long":78.34622,"room":"e220","alt":"2","building":"obh","img":"","description":"","person":""},
	{"lat":17.44443,"long":78.34622,"room":"e120","alt":"1","building":"obh","img":"","description":"","person":""},
	{"lat":17.44442,"long":78.34619,"room":"e321","alt":"3","building":"obh","img":"","description":"","person":"akhilchlkuri"},
	{"lat":17.44442,"long":78.34619,"room":"e221","alt":"2","building":"obh","img":"","description":"","person":""},
	{"lat":17.44442,"long":78.34619,"room":"e121","alt":"1","building":"obh","img":"","description":"","person":"mohitdubey"},
	{"lat":17.4444,"long":78.34615,"room":"e322","alt":"3","building":"obh","img":"","description":"","person":"aishwaryajain"},
	{"lat":17.4444,"long":78.34615,"room":"e222","alt":"2","building":"obh","img":"","description":"","person":"ayushgarg"},
	{"lat":17.4444,"long":78.34615,"room":"e122","alt":"1","building":"obh","img":"","description":"","person":"prateekjain"},
	{"lat":17.4445,"long":78.34608,"room":"toilet","alt":"0","building":"obh","img":"","description":"","person":""},
	{"lat":17.4445,"long":78.34608,"room":"","alt":"2","building":"obh","img":"","description":"","person":""},
	{"lat":17.4445,"long":78.34608,"room":"","alt":"1","building":"obh","img":"","description":"","person":""},
	{"lat":17.44451,"long":78.34611,"room":"e323","alt":"3","building":"obh","img":"","description":"","person":"tvenkatabharath"},
	{"lat":17.44451,"long":78.34611,"room":"e223","alt":"2","building":"obh","img":"","description":"","person":"nikhilrandhawa"},
	{"lat":17.44451,"long":78.34611,"room":"e123","alt":"1","building":"obh","img":"","description":"","person":"lalitkundu"},
	{"lat":17.44453,"long":78.34614,"room":"e324","alt":"3","building":"obh","img":"","description":"","person":"buddubarikivinodh"},
	{"lat":17.44453,"long":78.34614,"room":"e224","alt":"2","building":"obh","img":"","description":"","person":"shaiksaifulla"},
	{"lat":17.44453,"long":78.34614,"room":"e124","alt":"1","building":"obh","img":"","description":"","person":"abhishekjain"},
	{"lat":17.44455,"long":78.34618,"room":"e325","alt":"3","building":"obh","img":"","description":"","person":"viharpatel"},
	{"lat":17.44455,"long":78.34618,"room":"e225","alt":"2","building":"obh","img":"","description":"","person":"umanggoel"},
	{"lat":17.44455,"long":78.34618,"room":"e125","alt":"1","building":"obh","img":"","description":"","person":"nimishsehgal"},
	{"lat":17.4446,"long":78.34629,"room":"e326","alt":"3","building":"obh","img":"","description":"","person":"thellanaveen"},
	{"lat":17.4446,"long":78.34629,"room":"e226","alt":"2","building":"obh","img":"","description":"","person":"thatikuntaalok"},
	{"lat":17.4446,"long":78.34629,"room":"e126","alt":"1","building":"obh","img":"","description":"","person":"junaidahmed"},
	{"lat":17.44462,"long":78.34631,"room":"e327","alt":"3","building":"obh","img":"","description":"","person":"anuragmishra"},
	{"lat":17.44462,"long":78.34631,"room":"e227","alt":"2","building":"obh","img":"","description":"","person":"kancharlahemant"},
	{"lat":17.44462,"long":78.34631,"room":"e127","alt":"1","building":"obh","img":"","description":"","person":"pranavchintala"},
	{"lat":17.44463,"long":78.34635,"room":"e328","alt":"3","building":"obh","img":"","description":"","person":"nkranthikumar"},
	{"lat":17.44463,"long":78.34635,"room":"e228","alt":"2","building":"obh","img":"","description":"","person":"varikutisrujai"},
	{"lat":17.44463,"long":78.34635,"room":"e128","alt":"1","building":"obh","img":"","description":"","person":"nishantagrawal"},
	{"lat":17.44505,"long":78.34609,"room":"301","alt":"3","building":"obh","img":"","description":"","person":""},
	{"lat":17.44505,"long":78.34609,"room":"201","alt":"2","building":"obh","img":"","description":"","person":""},
	{"lat":17.44505,"long":78.34609,"room":"101","alt":"1","building":"obh","img":"","description":"","person":""},
	{"lat":17.44505,"long":78.34612,"room":"302","alt":"3","building":"obh","img":"","description":"","person":""},
	{"lat":17.44505,"long":78.34612,"room":"202","alt":"2","building":"obh","img":"","description":"","person":""},
	{"lat":17.44505,"long":78.34612,"room":"102","alt":"1","building":"obh","img":"","description":"","person":""},
	{"lat":17.44505,"long":78.34614,"room":"303","alt":"3","building":"obh","img":"","description":"","person":""},
	{"lat":17.44505,"long":78.34614,"room":"203","alt":"2","building":"obh","img":"","description":"","person":""},
	{"lat":17.44505,"long":78.34614,"room":"103","alt":"1","building":"obh","img":"","description":"","person":""},
	{"lat":17.44505,"long":78.34616,"room":"304","alt":"3","building":"obh","img":"","description":"","person":""},
	{"lat":17.44505,"long":78.34616,"room":"204","alt":"2","building":"obh","img":"","description":"","person":""},
	{"lat":17.44505,"long":78.34616,"room":"104","alt":"1","building":"obh","img":"","description":"","person":""},
	{"lat":17.44505,"long":78.34619,"room":"305","alt":"3","building":"obh","img":"","description":"","person":""},
	{"lat":17.44505,"long":78.34619,"room":"205","alt":"2","building":"obh","img":"","description":"","person":""},
	{"lat":17.44505,"long":78.34619,"room":"105","alt":"1","building":"obh","img":"","description":"","person":""},
	{"lat":17.44506,"long":78.34623,"room":"306","alt":"3","building":"obh","img":"","description":"","person":""},
	{"lat":17.44506,"long":78.34623,"room":"206","alt":"2","building":"obh","img":"","description":"","person":""},
	{"lat":17.44506,"long":78.34623,"room":"106","alt":"1","building":"obh","img":"","description":"","person":""},
	{"lat":17.44506,"long":78.34626,"room":"307","alt":"3","building":"obh","img":"","description":"","person":""},
	{"lat":17.44506,"long":78.34626,"room":"207","alt":"2","building":"obh","img":"","description":"","person":""},
	{"lat":17.44506,"long":78.34626,"room":"107","alt":"1","building":"obh","img":"","description":"","person":""},
	{"lat":17.44506,"long":78.34629,"room":"308","alt":"3","building":"obh","img":"","description":"","person":""},
	{"lat":17.44506,"long":78.34629,"room":"208","alt":"2","building":"obh","img":"","description":"","person":""},
	{"lat":17.44506,"long":78.34629,"room":"108","alt":"1","building":"obh","img":"","description":"","person":""},
	{"lat":17.44506,"long":78.34633,"room":"309","alt":"3","building":"obh","img":"","description":"","person":""},
	{"lat":17.44506,"long":78.34633,"room":"209","alt":"2","building":"obh","img":"","description":"","person":""},
	{"lat":17.44506,"long":78.34633,"room":"109","alt":"1","building":"obh","img":"","description":"","person":""},
	{"lat":17.44506,"long":78.34637,"room":"310","alt":"3","building":"obh","img":"","description":"","person":""},
	{"lat":17.44506,"long":78.34637,"room":"210","alt":"2","building":"obh","img":"","description":"","person":""},
	{"lat":17.44506,"long":78.34637,"room":"110","alt":"1","building":"obh","img":"","description":"","person":""},
	{"lat":17.44506,"long":78.34639,"room":"311","alt":"3","building":"obh","img":"","description":"","person":""},
	{"lat":17.44506,"long":78.34639,"room":"211","alt":"2","building":"obh","img":"","description":"","person":""},
	{"lat":17.44506,"long":78.34639,"room":"111","alt":"1","building":"obh","img":"","description":"","person":""},
	{"lat":17.44506,"long":78.34643,"room":"312","alt":"3","building":"obh","img":"","description":"","person":""},
	{"lat":17.44506,"long":78.34643,"room":"212","alt":"2","building":"obh","img":"","description":"","person":""},
	{"lat":17.44506,"long":78.34643,"room":"112","alt":"1","building":"obh","img":"","description":"","person":""},
	{"lat":17.44507,"long":78.34646,"room":"toilet","alt":"0","building":"obh","img":"","description":"","person":""},
	{"lat":17.44507,"long":78.34646,"room":"","alt":"2","building":"obh","img":"","description":"","person":""},
	{"lat":17.44507,"long":78.34646,"room":"","alt":"1","building":"obh","img":"","description":"","person":""},
	{"lat":17.44494,"long":78.34641,"room":"toilet","alt":"0","building":"obh","img":"","description":"","person":""},
	{"lat":17.44494,"long":78.34641,"room":"","alt":"2","building":"obh","img":"","description":"","person":""},
	{"lat":17.44494,"long":78.34641,"room":"","alt":"1","building":"obh","img":"","description":"","person":""},
	{"lat":17.44494,"long":78.34636,"room":"313","alt":"3","building":"obh","img":"","description":"","person":""},
	{"lat":17.44494,"long":78.34636,"room":"213","alt":"2","building":"obh","img":"","description":"","person":""},
	{"lat":17.44494,"long":78.34636,"room":"113","alt":"1","building":"obh","img":"","description":"","person":""},
	{"lat":17.44494,"long":78.34632,"room":"314","alt":"3","building":"obh","img":"","description":"","person":""},
	{"lat":17.44494,"long":78.34632,"room":"214","alt":"2","building":"obh","img":"","description":"","person":""},
	{"lat":17.44494,"long":78.34632,"room":"114","alt":"1","building":"obh","img":"","description":"","person":""},
	{"lat":17.44494,"long":78.34629,"room":"315","alt":"3","building":"obh","img":"","description":"","person":""},
	{"lat":17.44494,"long":78.34629,"room":"215","alt":"2","building":"obh","img":"","description":"","person":""},
	{"lat":17.44494,"long":78.34629,"room":"115","alt":"1","building":"obh","img":"","description":"","person":""},
	{"lat":17.44494,"long":78.34626,"room":"316","alt":"3","building":"obh","img":"","description":"","person":""},
	{"lat":17.44494,"long":78.34626,"room":"216","alt":"2","building":"obh","img":"","description":"","person":""},
	{"lat":17.44494,"long":78.34626,"room":"116","alt":"1","building":"obh","img":"","description":"","person":""},
	{"lat":17.44494,"long":78.34623,"room":"317","alt":"3","building":"obh","img":"","description":"","person":""},
	{"lat":17.44494,"long":78.34623,"room":"217","alt":"2","building":"obh","img":"","description":"","person":""},
	{"lat":17.44494,"long":78.34623,"room":"117","alt":"1","building":"obh","img":"","description":"","person":""},
	{"lat":17.44493,"long":78.34621,"room":"318","alt":"3","building":"obh","img":"","description":"","person":""},
	{"lat":17.44493,"long":78.34621,"room":"218","alt":"2","building":"obh","img":"","description":"","person":""},
	{"lat":17.44493,"long":78.34621,"room":"118","alt":"1","building":"obh","img":"","description":"","person":""},
	{"lat":17.44493,"long":78.34618,"room":"319","alt":"3","building":"obh","img":"","description":"","person":""},
	{"lat":17.44493,"long":78.34618,"room":"219","alt":"2","building":"obh","img":"","description":"","person":""},
	{"lat":17.44493,"long":78.34618,"room":"119","alt":"1","building":"obh","img":"","description":"","person":""},
	{"lat":17.44493,"long":78.34616,"room":"320","alt":"3","building":"obh","img":"","description":"","person":""},
	{"lat":17.44493,"long":78.34616,"room":"220","alt":"2","building":"obh","img":"","description":"","person":""},
	{"lat":17.44493,"long":78.34616,"room":"120","alt":"1","building":"obh","img":"","description":"","person":""},
	{"lat":17.44493,"long":78.34614,"room":"321","alt":"3","building":"obh","img":"","description":"","person":""},
	{"lat":17.44493,"long":78.34614,"room":"221","alt":"2","building":"obh","img":"","description":"","person":""},
	{"lat":17.44493,"long":78.34614,"room":"121","alt":"1","building":"obh","img":"","description":"","person":""},
	{"lat":17.44493,"long":78.34612,"room":"322","alt":"3","building":"obh","img":"","description":"","person":""},
	{"lat":17.44493,"long":78.34612,"room":"222","alt":"2","building":"obh","img":"","description":"","person":""},
	{"lat":17.44493,"long":78.34612,"room":"122","alt":"1","building":"obh","img":"","description":"","person":""},
	{"lat":17.44493,"long":78.3461,"room":"323","alt":"3","building":"obh","img":"","description":"","person":""},
	{"lat":17.44493,"long":78.3461,"room":"223","alt":"2","building":"obh","img":"","description":"","person":""},
	{"lat":17.44493,"long":78.3461,"room":"123","alt":"1","building":"obh","img":"","description":"","person":""},
	{"lat":17.44493,"long":78.34609,"room":"324","alt":"3","building":"obh","img":"","description":"","person":""},
	{"lat":17.44493,"long":78.34609,"room":"224","alt":"2","building":"obh","img":"","description":"","person":""},
	{"lat":17.44493,"long":78.34609,"room":"124","alt":"1","building":"obh","img":"","description":"","person":""},
	{"lat":17.44497,"long":78.34608,"room":"325","alt":"3","building":"obh","img":"","description":"","person":""},
	{"lat":17.44497,"long":78.34608,"room":"225","alt":"2","building":"obh","img":"","description":"","person":""},
	{"lat":17.44497,"long":78.34608,"room":"125","alt":"1","building":"obh","img":"","description":"","person":""},
	{"lat":17.44502,"long":78.3461,"room":"326","alt":"3","building":"obh","img":"","description":"","person":""},
	{"lat":17.44502,"long":78.3461,"room":"226","alt":"2","building":"obh","img":"","description":"","person":""},
	{"lat":17.44502,"long":78.3461,"room":"126","alt":"1","building":"obh","img":"","description":"","person":""},
	{"lat":17.44487,"long":78.34605,"room":"327","alt":"3","building":"obh","img":"","description":"","person":""},
	{"lat":17.44487,"long":78.34605,"room":"227","alt":"2","building":"obh","img":"","description":"","person":""},
	{"lat":17.44487,"long":78.34605,"room":"127","alt":"1","building":"obh","img":"","description":"","person":""},
	{"lat":17.44484,"long":78.34605,"room":"328","alt":"3","building":"obh","img":"","description":"","person":""},
	{"lat":17.44484,"long":78.34605,"room":"228","alt":"2","building":"obh","img":"","description":"","person":""},
	{"lat":17.44484,"long":78.34605,"room":"128","alt":"1","building":"obh","img":"","description":"","person":""},
	{"lat":17.44482,"long":78.34605,"room":"329","alt":"3","building":"obh","img":"","description":"","person":""},
	{"lat":17.44482,"long":78.34605,"room":"229","alt":"2","building":"obh","img":"","description":"","person":""},
	{"lat":17.44482,"long":78.34605,"room":"129","alt":"1","building":"obh","img":"","description":"","person":""},
	{"lat":17.44479,"long":78.34605,"room":"330","alt":"3","building":"obh","img":"","description":"","person":""},
	{"lat":17.44479,"long":78.34605,"room":"230","alt":"2","building":"obh","img":"","description":"","person":""},
	{"lat":17.44479,"long":78.34605,"room":"130","alt":"1","building":"obh","img":"","description":"","person":""},
	{"lat":17.44476,"long":78.34606,"room":"331","alt":"3","building":"obh","img":"","description":"","person":""},
	{"lat":17.44476,"long":78.34606,"room":"231","alt":"2","building":"obh","img":"","description":"","person":""},
	{"lat":17.44476,"long":78.34606,"room":"131","alt":"1","building":"obh","img":"","description":"","person":""},
	{"lat":17.44474,"long":78.34606,"room":"332","alt":"3","building":"obh","img":"","description":"","person":""},
	{"lat":17.44474,"long":78.34606,"room":"232","alt":"2","building":"obh","img":"","description":"","person":""},
	{"lat":17.44474,"long":78.34606,"room":"132","alt":"1","building":"obh","img":"","description":"","person":""},
	{"lat":17.44472,"long":78.34606,"room":"333","alt":"3","building":"obh","img":"","description":"","person":""},
	{"lat":17.44472,"long":78.34606,"room":"233","alt":"2","building":"obh","img":"","description":"","person":""},
	{"lat":17.44472,"long":78.34606,"room":"133","alt":"1","building":"obh","img":"","description":"","person":""},
	{"lat":17.44469,"long":78.34606,"room":"334","alt":"3","building":"obh","img":"","description":"","person":""},
	{"lat":17.44469,"long":78.34606,"room":"234","alt":"2","building":"obh","img":"","description":"","person":""},
	{"lat":17.44469,"long":78.34606,"room":"134","alt":"1","building":"obh","img":"","description":"","person":""},
	{"lat":17.44468,"long":78.34606,"room":"335","alt":"3","building":"obh","img":"","description":"","person":""},
	{"lat":17.44468,"long":78.34606,"room":"235","alt":"2","building":"obh","img":"","description":"","person":""},
	{"lat":17.44468,"long":78.34606,"room":"135","alt":"1","building":"obh","img":"","description":"","person":""},
	{"lat":17.44464,"long":78.34606,"room":"336","alt":"3","building":"obh","img":"","description":"","person":""},
	{"lat":17.44464,"long":78.34606,"room":"236","alt":"2","building":"obh","img":"","description":"","person":""},
	{"lat":17.44464,"long":78.34606,"room":"136","alt":"1","building":"obh","img":"","description":"","person":""},
	{"lat":17.4446,"long":78.34606,"room":"337","alt":"3","building":"obh","img":"","description":"","person":""},
	{"lat":17.4446,"long":78.34606,"room":"237","alt":"2","building":"obh","img":"","description":"","person":""},
	{"lat":17.4446,"long":78.34606,"room":"137","alt":"1","building":"obh","img":"","description":"","person":""},
	{"lat":17.44456,"long":78.34606,"room":"338","alt":"3","building":"obh","img":"","description":"","person":""},
	{"lat":17.44456,"long":78.34606,"room":"238","alt":"2","building":"obh","img":"","description":"","person":""},
	{"lat":17.44456,"long":78.34606,"room":"138","alt":"1","building":"obh","img":"","description":"","person":""},
	{"lat":17.44452,"long":78.34606,"room":"toilet","alt":"0","building":"obh","img":"","description":"","person":""},
	{"lat":17.44452,"long":78.34606,"room":"","alt":"2","building":"obh","img":"","description":"","person":""},
	{"lat":17.44452,"long":78.34606,"room":"","alt":"1","building":"obh","img":"","description":"","person":""},
	{"lat":17.44451,"long":78.34593,"room":"toilet","alt":"0","building":"obh","img":"","description":"","person":""},
	{"lat":17.44451,"long":78.34593,"room":"","alt":"2","building":"obh","img":"","description":"","person":""},
	{"lat":17.44451,"long":78.34593,"room":"","alt":"1","building":"obh","img":"","description":"","person":""},
	{"lat":17.44454,"long":78.34593,"room":"339","alt":"3","building":"obh","img":"","description":"","person":""},
	{"lat":17.44454,"long":78.34593,"room":"239","alt":"2","building":"obh","img":"","description":"","person":""},
	{"lat":17.44454,"long":78.34593,"room":"139","alt":"1","building":"obh","img":"","description":"","person":""},
	{"lat":17.44455,"long":78.34592,"room":"340","alt":"3","building":"obh","img":"","description":"","person":""},
	{"lat":17.44455,"long":78.34592,"room":"240","alt":"2","building":"obh","img":"","description":"","person":""},
	{"lat":17.44455,"long":78.34592,"room":"140","alt":"1","building":"obh","img":"","description":"","person":""},
	{"lat":17.4446,"long":78.34592,"room":"341","alt":"3","building":"obh","img":"","description":"","person":""},
	{"lat":17.4446,"long":78.34592,"room":"241","alt":"2","building":"obh","img":"","description":"","person":""},
	{"lat":17.4446,"long":78.34592,"room":"141","alt":"1","building":"obh","img":"","description":"","person":""},
	{"lat":17.44462,"long":78.34592,"room":"342","alt":"3","building":"obh","img":"","description":"","person":""},
	{"lat":17.44462,"long":78.34592,"room":"242","alt":"2","building":"obh","img":"","description":"","person":""},
	{"lat":17.44462,"long":78.34592,"room":"142","alt":"1","building":"obh","img":"","description":"","person":""},
	{"lat":17.44464,"long":78.34591,"room":"343","alt":"3","building":"obh","img":"","description":"","person":""},
	{"lat":17.44464,"long":78.34591,"room":"243","alt":"2","building":"obh","img":"","description":"","person":""},
	{"lat":17.44464,"long":78.34591,"room":"143","alt":"1","building":"obh","img":"","description":"","person":""},
	{"lat":17.44468,"long":78.34591,"room":"344","alt":"3","building":"obh","img":"","description":"","person":""},
	{"lat":17.44468,"long":78.34591,"room":"244","alt":"2","building":"obh","img":"","description":"","person":""},
	{"lat":17.44468,"long":78.34591,"room":"144","alt":"1","building":"obh","img":"","description":"","person":""},
	{"lat":17.44469,"long":78.34591,"room":"345","alt":"3","building":"obh","img":"","description":"","person":""},
	{"lat":17.44469,"long":78.34591,"room":"245","alt":"2","building":"obh","img":"","description":"","person":""},
	{"lat":17.44469,"long":78.34591,"room":"145","alt":"1","building":"obh","img":"","description":"","person":""},
	{"lat":17.44472,"long":78.34591,"room":"346","alt":"3","building":"obh","img":"","description":"","person":""},
	{"lat":17.44472,"long":78.34591,"room":"246","alt":"2","building":"obh","img":"","description":"","person":""},
	{"lat":17.44472,"long":78.34591,"room":"146","alt":"1","building":"obh","img":"","description":"","person":""},
	{"lat":17.44475,"long":78.34592,"room":"347","alt":"3","building":"obh","img":"","description":"","person":""},
	{"lat":17.44475,"long":78.34592,"room":"247","alt":"2","building":"obh","img":"","description":"","person":""},
	{"lat":17.44475,"long":78.34592,"room":"147","alt":"1","building":"obh","img":"","description":"","person":""},
	{"lat":17.44477,"long":78.34591,"room":"348","alt":"3","building":"obh","img":"","description":"","person":""},
	{"lat":17.44477,"long":78.34591,"room":"248","alt":"2","building":"obh","img":"","description":"","person":""},
	{"lat":17.44477,"long":78.34591,"room":"148","alt":"1","building":"obh","img":"","description":"","person":""},
	{"lat":17.4448,"long":78.34591,"room":"349","alt":"3","building":"obh","img":"","description":"","person":""},
	{"lat":17.4448,"long":78.34591,"room":"249","alt":"2","building":"obh","img":"","description":"","person":""},
	{"lat":17.4448,"long":78.34591,"room":"149","alt":"1","building":"obh","img":"","description":"","person":""},
	{"lat":17.44483,"long":78.34591,"room":"350","alt":"3","building":"obh","img":"","description":"","person":""},
	{"lat":17.44483,"long":78.34591,"room":"250","alt":"2","building":"obh","img":"","description":"","person":""},
	{"lat":17.44483,"long":78.34591,"room":"150","alt":"1","building":"obh","img":"","description":"","person":""},
	{"lat":17.44494,"long":78.34587,"room":"351","alt":"3","building":"obh","img":"","description":"","person":""},
	{"lat":17.44494,"long":78.34587,"room":"251","alt":"2","building":"obh","img":"","description":"","person":""},
	{"lat":17.44494,"long":78.34587,"room":"151","alt":"1","building":"obh","img":"","description":"","person":""},
	{"lat":17.44491,"long":78.34584,"room":"352","alt":"3","building":"obh","img":"","description":"","person":""},
	{"lat":17.44491,"long":78.34584,"room":"252","alt":"2","building":"obh","img":"","description":"","person":""},
	{"lat":17.44491,"long":78.34584,"room":"152","alt":"1","building":"obh","img":"","description":"","person":""},
	{"lat":17.44491,"long":78.34582,"room":"353","alt":"3","building":"obh","img":"","description":"","person":""},
	{"lat":17.44491,"long":78.34582,"room":"253","alt":"2","building":"obh","img":"","description":"","person":""},
	{"lat":17.44491,"long":78.34582,"room":"153","alt":"1","building":"obh","img":"","description":"","person":""},
	{"lat":17.44491,"long":78.34579,"room":"354","alt":"3","building":"obh","img":"","description":"","person":""},
	{"lat":17.44491,"long":78.34579,"room":"254","alt":"2","building":"obh","img":"","description":"","person":""},
	{"lat":17.44491,"long":78.34579,"room":"154","alt":"1","building":"obh","img":"","description":"","person":""},
	{"lat":17.44491,"long":78.34576,"room":"355","alt":"3","building":"obh","img":"","description":"","person":""},
	{"lat":17.44491,"long":78.34576,"room":"255","alt":"2","building":"obh","img":"","description":"","person":""},
	{"lat":17.44491,"long":78.34576,"room":"155","alt":"1","building":"obh","img":"","description":"","person":""},
	{"lat":17.44491,"long":78.34573,"room":"356","alt":"3","building":"obh","img":"","description":"","person":""},
	{"lat":17.44491,"long":78.34573,"room":"256","alt":"2","building":"obh","img":"","description":"","person":""},
	{"lat":17.44491,"long":78.34573,"room":"156","alt":"1","building":"obh","img":"","description":"","person":""},
	{"lat":17.4449,"long":78.34569,"room":"357","alt":"3","building":"obh","img":"","description":"","person":""},
	{"lat":17.4449,"long":78.34569,"room":"257","alt":"2","building":"obh","img":"","description":"","person":""},
	{"lat":17.4449,"long":78.34569,"room":"157","alt":"1","building":"obh","img":"","description":"","person":""},
	{"lat":17.4449,"long":78.34567,"room":"358","alt":"3","building":"obh","img":"","description":"","person":""},
	{"lat":17.4449,"long":78.34567,"room":"258","alt":"2","building":"obh","img":"","description":"","person":""},
	{"lat":17.4449,"long":78.34567,"room":"158","alt":"1","building":"obh","img":"","description":"","person":""},
	{"lat":17.4449,"long":78.34564,"room":"359","alt":"3","building":"obh","img":"","description":"","person":""},
	{"lat":17.4449,"long":78.34564,"room":"259","alt":"2","building":"obh","img":"","description":"","person":""},
	{"lat":17.4449,"long":78.34564,"room":"159","alt":"1","building":"obh","img":"","description":"","person":""},
	{"lat":17.4449,"long":78.34562,"room":"360","alt":"3","building":"obh","img":"","description":"","person":""},
	{"lat":17.4449,"long":78.34562,"room":"260","alt":"2","building":"obh","img":"","description":"","person":""},
	{"lat":17.4449,"long":78.34562,"room":"160","alt":"1","building":"obh","img":"","description":"","person":""},
	{"lat":17.4449,"long":78.34558,"room":"361","alt":"3","building":"obh","img":"","description":"","person":""},
	{"lat":17.4449,"long":78.34558,"room":"261","alt":"2","building":"obh","img":"","description":"","person":""},
	{"lat":17.4449,"long":78.34558,"room":"161","alt":"1","building":"obh","img":"","description":"","person":""},
	{"lat":17.4449,"long":78.34554,"room":"362","alt":"3","building":"obh","img":"","description":"","person":""},
	{"lat":17.4449,"long":78.34554,"room":"262","alt":"2","building":"obh","img":"","description":"","person":""},
	{"lat":17.4449,"long":78.34554,"room":"162","alt":"1","building":"obh","img":"","description":"","person":""},
	{"lat":17.4449,"long":78.3455,"room":"363","alt":"3","building":"obh","img":"","description":"","person":""},
	{"lat":17.4449,"long":78.3455,"room":"263","alt":"2","building":"obh","img":"","description":"","person":""},
	{"lat":17.4449,"long":78.3455,"room":"163","alt":"1","building":"obh","img":"","description":"","person":""},
	{"lat":17.4449,"long":78.34546,"room":"toilet","alt":"0","building":"obh","img":"","description":"","person":""},
	{"lat":17.4449,"long":78.34546,"room":"","alt":"2","building":"obh","img":"","description":"","person":""},
	{"lat":17.4449,"long":78.34546,"room":"","alt":"1","building":"obh","img":"","description":"","person":""},
	{"lat":17.44502,"long":78.34545,"room":"toilet","alt":"0","building":"obh","img":"","description":"","person":""},
	{"lat":17.44502,"long":78.34545,"room":"","alt":"2","building":"obh","img":"","description":"","person":""},
	{"lat":17.44502,"long":78.34545,"room":"","alt":"1","building":"obh","img":"","description":"","person":""},
	{"lat":17.44502,"long":78.34548,"room":"364","alt":"3","building":"obh","img":"","description":"","person":""},
	{"lat":17.44502,"long":78.34548,"room":"264","alt":"2","building":"obh","img":"","description":"","person":""},
	{"lat":17.44502,"long":78.34548,"room":"164","alt":"1","building":"obh","img":"","description":"","person":""},
	{"lat":17.44502,"long":78.34551,"room":"365","alt":"3","building":"obh","img":"","description":"","person":""},
	{"lat":17.44502,"long":78.34551,"room":"265","alt":"2","building":"obh","img":"","description":"","person":""},
	{"lat":17.44502,"long":78.34551,"room":"165","alt":"1","building":"obh","img":"","description":"","person":""},
	{"lat":17.44502,"long":78.34555,"room":"366","alt":"3","building":"obh","img":"","description":"","person":""},
	{"lat":17.44502,"long":78.34555,"room":"266","alt":"2","building":"obh","img":"","description":"","person":""},
	{"lat":17.44502,"long":78.34555,"room":"166","alt":"1","building":"obh","img":"","description":"","person":""},
	{"lat":17.44502,"long":78.34558,"room":"367","alt":"3","building":"obh","img":"","description":"","person":""},
	{"lat":17.44502,"long":78.34558,"room":"267","alt":"2","building":"obh","img":"","description":"","person":""},
	{"lat":17.44502,"long":78.34558,"room":"167","alt":"1","building":"obh","img":"","description":"","person":""},
	{"lat":17.44502,"long":78.34562,"room":"368","alt":"3","building":"obh","img":"","description":"","person":""},
	{"lat":17.44502,"long":78.34562,"room":"268","alt":"2","building":"obh","img":"","description":"","person":""},
	{"lat":17.44502,"long":78.34562,"room":"168","alt":"1","building":"obh","img":"","description":"","person":""},
	{"lat":17.44502,"long":78.34565,"room":"369","alt":"3","building":"obh","img":"","description":"","person":""},
	{"lat":17.44502,"long":78.34565,"room":"269","alt":"2","building":"obh","img":"","description":"","person":""},
	{"lat":17.44502,"long":78.34565,"room":"169","alt":"1","building":"obh","img":"","description":"","person":""},
	{"lat":17.44502,"long":78.34568,"room":"370","alt":"3","building":"obh","img":"","description":"","person":""},
	{"lat":17.44502,"long":78.34568,"room":"270","alt":"2","building":"obh","img":"","description":"","person":""},
	{"lat":17.44502,"long":78.34568,"room":"170","alt":"1","building":"obh","img":"","description":"","person":""},
	{"lat":17.44502,"long":78.34572,"room":"371","alt":"3","building":"obh","img":"","description":"","person":""},
	{"lat":17.44502,"long":78.34572,"room":"271","alt":"2","building":"obh","img":"","description":"","person":""},
	{"lat":17.44502,"long":78.34572,"room":"171","alt":"1","building":"obh","img":"","description":"","person":""},
	{"lat":17.44502,"long":78.34575,"room":"372","alt":"3","building":"obh","img":"","description":"","person":""},
	{"lat":17.44502,"long":78.34575,"room":"272","alt":"2","building":"obh","img":"","description":"","person":""},
	{"lat":17.44502,"long":78.34575,"room":"172","alt":"1","building":"obh","img":"","description":"","person":""},
	{"lat":17.44502,"long":78.34578,"room":"373","alt":"3","building":"obh","img":"","description":"","person":""},
	{"lat":17.44502,"long":78.34578,"room":"273","alt":"2","building":"obh","img":"","description":"","person":""},
	{"lat":17.44502,"long":78.34578,"room":"173","alt":"1","building":"obh","img":"","description":"","person":""},
	{"lat":17.44502,"long":78.34581,"room":"374","alt":"3","building":"obh","img":"","description":"","person":""},
	{"lat":17.44502,"long":78.34581,"room":"274","alt":"2","building":"obh","img":"","description":"","person":""},
	{"lat":17.44502,"long":78.34581,"room":"174","alt":"1","building":"obh","img":"","description":"","person":""},
	{"lat":17.44502,"long":78.34584,"room":"375","alt":"3","building":"obh","img":"","description":"","person":""},
	{"lat":17.44502,"long":78.34584,"room":"275","alt":"2","building":"obh","img":"","description":"","person":""},
	{"lat":17.44502,"long":78.34584,"room":"175","alt":"1","building":"obh","img":"","description":"","person":""},
	{"lat":17.44508,"long":78.34589,"room":"376","alt":"3","building":"obh","img":"","description":"","person":""},
	{"lat":17.44508,"long":78.34589,"room":"276","alt":"2","building":"obh","img":"","description":"","person":""},
	{"lat":17.44508,"long":78.34589,"room":"176","alt":"1","building":"obh","img":"","description":"","person":""},
	{"lat":17.4451,"long":78.34588,"room":"377","alt":"3","building":"obh","img":"","description":"","person":""},
	{"lat":17.4451,"long":78.34588,"room":"277","alt":"2","building":"obh","img":"","description":"","person":""},
	{"lat":17.4451,"long":78.34588,"room":"177","alt":"1","building":"obh","img":"","description":"","person":""},
	{"lat":17.44513,"long":78.34588,"room":"378","alt":"3","building":"obh","img":"","description":"","person":""},
	{"lat":17.44513,"long":78.34588,"room":"278","alt":"2","building":"obh","img":"","description":"","person":""},
	{"lat":17.44513,"long":78.34588,"room":"178","alt":"1","building":"obh","img":"","description":"","person":""},
	{"lat":17.44517,"long":78.34588,"room":"379","alt":"3","building":"obh","img":"","description":"","person":""},
	{"lat":17.44517,"long":78.34588,"room":"279","alt":"2","building":"obh","img":"","description":"","person":""},
	{"lat":17.44517,"long":78.34588,"room":"179","alt":"1","building":"obh","img":"","description":"","person":""},
	{"lat":17.44520,"long":78.34588,"room":"380","alt":"3","building":"obh","img":"","description":"","person":""},
	{"lat":17.44520,"long":78.34588,"room":"280","alt":"2","building":"obh","img":"","description":"","person":""},
	{"lat":17.44520,"long":78.34588,"room":"180","alt":"1","building":"obh","img":"","description":"","person":""},
	{"lat":17.44523,"long":78.34588,"room":"381","alt":"3","building":"obh","img":"","description":"","person":""},
	{"lat":17.44523,"long":78.34588,"room":"281","alt":"2","building":"obh","img":"","description":"","person":""},
	{"lat":17.44523,"long":78.34588,"room":"181","alt":"1","building":"obh","img":"","description":"","person":""},
	{"lat":17.44527,"long":78.34588,"room":"382","alt":"3","building":"obh","img":"","description":"","person":""},
	{"lat":17.44527,"long":78.34588,"room":"282","alt":"2","building":"obh","img":"","description":"","person":""},
	{"lat":17.44527,"long":78.34588,"room":"182","alt":"1","building":"obh","img":"","description":"","person":""},
	{"lat":17.4453,"long":78.34588,"room":"383","alt":"3","building":"obh","img":"","description":"","person":""},
	{"lat":17.4453,"long":78.34588,"room":"283","alt":"2","building":"obh","img":"","description":"","person":""},
	{"lat":17.4453,"long":78.34588,"room":"183","alt":"1","building":"obh","img":"","description":"","person":""},
	{"lat":17.44533,"long":78.34588,"room":"384","alt":"3","building":"obh","img":"","description":"","person":""},
	{"lat":17.44533,"long":78.34588,"room":"284","alt":"2","building":"obh","img":"","description":"","person":""},
	{"lat":17.44533,"long":78.34588,"room":"184","alt":"1","building":"obh","img":"","description":"","person":""},
	{"lat":17.44538,"long":78.34588,"room":"385","alt":"3","building":"obh","img":"","description":"","person":""},
	{"lat":17.44538,"long":78.34588,"room":"285","alt":"2","building":"obh","img":"","description":"","person":""},
	{"lat":17.44538,"long":78.34588,"room":"185","alt":"1","building":"obh","img":"","description":"","person":""},
	{"lat":17.44542,"long":78.34587,"room":"386","alt":"3","building":"obh","img":"","description":"","person":""},
	{"lat":17.44542,"long":78.34587,"room":"286","alt":"2","building":"obh","img":"","description":"","person":""},
	{"lat":17.44542,"long":78.34587,"room":"186","alt":"1","building":"obh","img":"","description":"","person":""},
	{"lat":17.44543,"long":78.34587,"room":"387","alt":"3","building":"obh","img":"","description":"","person":""},
	{"lat":17.44543,"long":78.34587,"room":"287","alt":"2","building":"obh","img":"","description":"","person":""},
	{"lat":17.44543,"long":78.34587,"room":"187","alt":"1","building":"obh","img":"","description":"","person":""},
	{"lat":17.44546,"long":78.34587,"room":"toilet","alt":"0","building":"obh","img":"","description":"","person":""},
	{"lat":17.44546,"long":78.34587,"room":"","alt":"2","building":"obh","img":"","description":"","person":""},
	{"lat":17.44546,"long":78.34587,"room":"","alt":"1","building":"obh","img":"","description":"","person":""},
	{"lat":17.44544,"long":78.34601,"room":"toilet","alt":"0","building":"obh","img":"","description":"","person":""},
	{"lat":17.44544,"long":78.34601,"room":"","alt":"2","building":"obh","img":"","description":"","person":""},
	{"lat":17.44544,"long":78.34601,"room":"","alt":"1","building":"obh","img":"","description":"","person":""},
	{"lat":17.44542,"long":78.34602,"room":"388","alt":"3","building":"obh","img":"","description":"","person":""},
	{"lat":17.44542,"long":78.34602,"room":"288","alt":"2","building":"obh","img":"","description":"","person":""},
	{"lat":17.44542,"long":78.34602,"room":"188","alt":"1","building":"obh","img":"","description":"","person":""},
	{"lat":17.44539,"long":78.34602,"room":"389","alt":"3","building":"obh","img":"","description":"","person":""},
	{"lat":17.44539,"long":78.34602,"room":"289","alt":"2","building":"obh","img":"","description":"","person":""},
	{"lat":17.44539,"long":78.34602,"room":"189","alt":"1","building":"obh","img":"","description":"","person":""},
	{"lat":17.44536,"long":78.34602,"room":"390","alt":"3","building":"obh","img":"","description":"","person":""},
	{"lat":17.44536,"long":78.34602,"room":"290","alt":"2","building":"obh","img":"","description":"","person":""},
	{"lat":17.44536,"long":78.34602,"room":"190","alt":"1","building":"obh","img":"","description":"","person":""},
	{"lat":17.44532,"long":78.34602,"room":"391","alt":"3","building":"obh","img":"","description":"","person":""},
	{"lat":17.44532,"long":78.34602,"room":"291","alt":"2","building":"obh","img":"","description":"","person":""},
	{"lat":17.44532,"long":78.34602,"room":"191","alt":"1","building":"obh","img":"","description":"","person":""},
	{"lat":17.44531,"long":78.34602,"room":"392","alt":"3","building":"obh","img":"","description":"","person":""},
	{"lat":17.44531,"long":78.34602,"room":"292","alt":"2","building":"obh","img":"","description":"","person":""},
	{"lat":17.44531,"long":78.34602,"room":"192","alt":"1","building":"obh","img":"","description":"","person":""},
	{"lat":17.44528,"long":78.34602,"room":"393","alt":"3","building":"obh","img":"","description":"","person":""},
	{"lat":17.44528,"long":78.34602,"room":"293","alt":"2","building":"obh","img":"","description":"","person":""},
	{"lat":17.44528,"long":78.34602,"room":"193","alt":"1","building":"obh","img":"","description":"","person":""},
	{"lat":17.44529,"long":78.34602,"room":"394","alt":"3","building":"obh","img":"","description":"","person":""},
	{"lat":17.44529,"long":78.34602,"room":"294","alt":"2","building":"obh","img":"","description":"","person":""},
	{"lat":17.44529,"long":78.34602,"room":"194","alt":"1","building":"obh","img":"","description":"","person":""},
	{"lat":17.44522,"long":78.34602,"room":"395","alt":"3","building":"obh","img":"","description":"","person":""},
	{"lat":17.44522,"long":78.34602,"room":"295","alt":"2","building":"obh","img":"","description":"","person":""},
	{"lat":17.44522,"long":78.34602,"room":"195","alt":"1","building":"obh","img":"","description":"","person":""},
	{"lat":17.4452,"long":78.34602,"room":"396","alt":"3","building":"obh","img":"","description":"","person":""},
	{"lat":17.4452,"long":78.34602,"room":"296","alt":"2","building":"obh","img":"","description":"","person":""},
	{"lat":17.4452,"long":78.34602,"room":"196","alt":"1","building":"obh","img":"","description":"","person":""},
	{"lat":17.44516,"long":78.34603,"room":"397","alt":"3","building":"obh","img":"","description":"","person":""},
	{"lat":17.44516,"long":78.34603,"room":"297","alt":"2","building":"obh","img":"","description":"","person":""},
	{"lat":17.44516,"long":78.34603,"room":"197","alt":"1","building":"obh","img":"","description":"","person":""},
	{"lat":17.44512,"long":78.34602,"room":"398","alt":"3","building":"obh","img":"","description":"","person":""},
	{"lat":17.44512,"long":78.34602,"room":"298","alt":"2","building":"obh","img":"","description":"","person":""},
	{"lat":17.44512,"long":78.34602,"room":"198","alt":"1","building":"obh","img":"","description":"","person":""},
	{"lat":17.4451,"long":78.34603,"room":"399","alt":"3","building":"obh","img":"","description":"","person":""},
	{"lat":17.4451,"long":78.34603,"room":"299","alt":"2","building":"obh","img":"","description":"","person":""},
	{"lat":17.4451,"long":78.34603,"room":"199","alt":"1","building":"obh","img":"","description":"","person":""},
	{"lat":17.44508,"long":78.34594,"room":"400","alt":"3","building":"obh","img":"","description":"","person":""},
	{"lat":17.44508,"long":78.34594,"room":"","alt":"2","building":"obh","img":"","description":"","person":""},
	{"lat":17.44508,"long":78.34594,"room":"","alt":"1","building":"obh","img":"","description":"","person":""},
	{"lat":17.44536,"long":78.34558,"room":"d301","alt":"3","building":"obh","img":"","description":"","person":"danishsodhi"},
	{"lat":17.44536,"long":78.34558,"room":"d201","alt":"2","building":"obh","img":"","description":"","person":"allaparthisriteja"},
	{"lat":17.44536,"long":78.34558,"room":"d101","alt":"1","building":"obh","img":"","description":"","person":"adityasrinivas"},
	{"lat":17.44537,"long":78.3456,"room":"d302","alt":"3","building":"obh","img":"","description":"","person":"karan"},
	{"lat":17.44537,"long":78.3456,"room":"d202","alt":"2","building":"obh","img":"","description":"","person":"sambuddhabasu"},
	{"lat":17.44537,"long":78.3456,"room":"d102","alt":"1","building":"obh","img":"","description":"","person":"aniketjain"},
	{"lat":17.44538,"long":78.34564,"room":"d303","alt":"3","building":"obh","img":"","description":"","person":"chaithanyakiran"},
	{"lat":17.44538,"long":78.34564,"room":"d203","alt":"2","building":"obh","img":"","description":"","person":"shubhamagarwal"},
	{"lat":17.44538,"long":78.34564,"room":"d103","alt":"1","building":"obh","img":"","description":"","person":"sahilsuami"},
	{"lat":17.44543,"long":78.34573,"room":"d304","alt":"3","building":"obh","img":"","description":"","person":"nookalasaisriharsha"},
	{"lat":17.44543,"long":78.34573,"room":"d204","alt":"2","building":"obh","img":"","description":"","person":"sandeepkasa"},
	{"lat":17.44543,"long":78.34573,"room":"d104","alt":"1","building":"obh","img":"","description":"","person":"ankushkhandelwal"},
	{"lat":17.44545,"long":78.3458,"room":"d305","alt":"3","building":"obh","img":"","description":"","person":"kakarladinesh"},
	{"lat":17.44545,"long":78.3458,"room":"d205","alt":"2","building":"obh","img":"","description":"","person":"gantaraviteja"},
	{"lat":17.44545,"long":78.3458,"room":"d105","alt":"1","building":"obh","img":"","description":"","person":"pratik"},
	{"lat":17.44545,"long":78.34582,"room":"d306","alt":"3","building":"obh","img":"","description":"","person":"aishworygupta"},
	{"lat":17.44545,"long":78.34582,"room":"d206","alt":"2","building":"obh","img":"","description":"","person":"guaravmittal"},
	{"lat":17.44545,"long":78.34582,"room":"d106","alt":"1","building":"obh","img":"","description":"","person":"sachinbaldua"},
	{"lat":17.44547,"long":78.34585,"room":"toilet","alt":"0","building":"obh","img":"","description":"","person":""},
	{"lat":17.44547,"long":78.34585,"room":"","alt":"2","building":"obh","img":"","description":"","person":""},
	{"lat":17.44547,"long":78.34585,"room":"","alt":"1","building":"obh","img":"","description":"","person":""},
	{"lat":17.44558,"long":78.3458,"room":"d307","alt":"3","building":"obh","img":"","description":"","person":"lekkalakarthikreddy"},
	{"lat":17.44558,"long":78.3458,"room":"d207","alt":"2","building":"obh","img":"","description":"","person":"kashishpunjani"},
	{"lat":17.44558,"long":78.3458,"room":"d107","alt":"1","building":"obh","img":"","description":"","person":"namankumarjain"},
	{"lat":17.44556,"long":78.34577,"room":"d308","alt":"3","building":"obh","img":"","description":"","person":"kanishkjain"},
	{"lat":17.44556,"long":78.34577,"room":"d208","alt":"2","building":"obh","img":"","description":"","person":"vamseereddychamakura"},
	{"lat":17.44556,"long":78.34577,"room":"d108","alt":"1","building":"obh","img":"","description":"","person":"govindshukla"},
	{"lat":17.44552,"long":78.34569,"room":"d309","alt":"3","building":"obh","img":"","description":"","person":"shubhamjain"},
	{"lat":17.44552,"long":78.34569,"room":"d209","alt":"2","building":"obh","img":"","description":"","person":"chavaharish"},
	{"lat":17.44552,"long":78.34569,"room":"d109","alt":"1","building":"obh","img":"","description":"","person":"ashutoshsharma"},
	{"lat":17.44551,"long":78.34565,"room":"d310","alt":"3","building":"obh","img":"","description":"","person":"umang"},
	{"lat":17.44551,"long":78.34565,"room":"d210","alt":"2","building":"obh","img":"","description":"","person":"shubhamkumar"},
	{"lat":17.44551,"long":78.34565,"room":"d110","alt":"1","building":"obh","img":"","description":"","person":"deepanshuvijay"},
	{"lat":17.44547,"long":78.34559,"room":"d311","alt":"3","building":"obh","img":"","description":"","person":"nathaavinash"},
	{"lat":17.44547,"long":78.34559,"room":"d211","alt":"2","building":"obh","img":"","description":"","person":"moneishkumar"},
	{"lat":17.44547,"long":78.34559,"room":"d111","alt":"1","building":"obh","img":"","description":"","person":"kushalsingh"},
	{"lat":17.44546,"long":78.34556,"room":"d312","alt":"3","building":"obh","img":"","description":"","person":"shubhamghiya"},
	{"lat":17.44546,"long":78.34556,"room":"d212","alt":"2","building":"obh","img":"","description":"","person":"arunsanjeev"},
	{"lat":17.44546,"long":78.34556,"room":"d112","alt":"1","building":"obh","img":"","description":"","person":"ashish"},
	{"lat":17.44544,"long":78.34553,"room":"d313","alt":"3","building":"obh","img":"","description":"","person":"chilupurianil"},
	{"lat":17.44544,"long":78.34553,"room":"d213","alt":"2","building":"obh","img":"","description":"","person":"yashkhandelwal"},
	{"lat":17.44544,"long":78.34553,"room":"d113","alt":"1","building":"obh","img":"","description":"","person":"kunalsingh"},
	{"lat":17.44543,"long":78.34551,"room":"d314","alt":"3","building":"obh","img":"","description":"","person":"prateekpandey"},
	{"lat":17.44543,"long":78.34551,"room":"d214","alt":"2","building":"obh","img":"","description":"","person":"abhineetjain"},
	{"lat":17.44543,"long":78.34551,"room":"d114","alt":"1","building":"obh","img":"","description":"","person":"vivek"},
	{"lat":17.44539,"long":78.34545,"room":"d315","alt":"3","building":"obh","img":"","description":"","person":"alukarajashekarreddy"},
	{"lat":17.44539,"long":78.34545,"room":"d215","alt":"2","building":"obh","img":"","description":"","person":"indraneilarunpal"},
	{"lat":17.44539,"long":78.34545,"room":"d115","alt":"1","building":"obh","img":"","description":"","person":"sakshamagarwal"},
	{"lat":17.44532,"long":78.34543,"room":"d316","alt":"3","building":"obh","img":"","description":"","person":"dereddyakhilreddy"},
	{"lat":17.44532,"long":78.34543,"room":"d216","alt":"2","building":"obh","img":"","description":"","person":"rayalaanil"},
	{"lat":17.44532,"long":78.34543,"room":"d116","alt":"1","building":"obh","img":"","description":"","person":"anuraggupta"},
	{"lat":17.44529,"long":78.34541,"room":"d317","alt":"3","building":"obh","img":"","description":"","person":"shyamnandanrai"},
	{"lat":17.44529,"long":78.34541,"room":"d217","alt":"2","building":"obh","img":"","description":"","person":"tanmaysahay"},
	{"lat":17.44529,"long":78.34541,"room":"d117","alt":"1","building":"obh","img":"","description":"","person":"sakshamagarwal"},
	{"lat":17.44526,"long":78.3454,"room":"d318","alt":"3","building":"obh","img":"","description":"","person":"akshaykumar"},
	{"lat":17.44526,"long":78.3454,"room":"d218","alt":"2","building":"obh","img":"","description":"","person":"manujain"},
	{"lat":17.44526,"long":78.3454,"room":"d118","alt":"1","building":"obh","img":"","description":"","person":"amchalpandey"},
	{"lat":17.4452,"long":78.34538,"room":"d319","alt":"3","building":"obh","img":"","description":"","person":"p.syamkumar"},
	{"lat":17.4452,"long":78.34538,"room":"d219","alt":"2","building":"obh","img":"","description":"","person":"abhinav"},
	{"lat":17.4452,"long":78.34538,"room":"d119","alt":"1","building":"obh","img":"","description":"","person":"vaibhavkumar"},
	{"lat":17.44515,"long":78.34536,"room":"d320","alt":"3","building":"obh","img":"","description":"","person":"t.kalyanbabu"},
	{"lat":17.44515,"long":78.34536,"room":"d220","alt":"2","building":"obh","img":"","description":"","person":"anuragghosh"},
	{"lat":17.44515,"long":78.34536,"room":"d120","alt":"1","building":"obh","img":"","description":"","person":"anuraganildeshmukh"},
	{"lat":17.44512,"long":78.34536,"room":"d321","alt":"3","building":"obh","img":"","description":"","person":"chinnalasantosh"},
	{"lat":17.44512,"long":78.34536,"room":"d221","alt":"2","building":"obh","img":"","description":"","person":"chinmaybapna"},
	{"lat":17.44512,"long":78.34536,"room":"d121","alt":"1","building":"obh","img":"","description":"","person":"purohithvikram"},
	{"lat":17.44508,"long":78.34534,"room":"d322","alt":"3","building":"obh","img":"","description":"","person":"ashishverama"},
	{"lat":17.44508,"long":78.34534,"room":"d222","alt":"2","building":"obh","img":"","description":"","person":"utkarshagarwal"},
	{"lat":17.44508,"long":78.34534,"room":"d122","alt":"1","building":"obh","img":"","description":"","person":"yaparlaganesh"},
	{"lat":17.44505,"long":78.34545,"room":"toilet","alt":"0","building":"obh","img":"","description":"","person":""},
	{"lat":17.44505,"long":78.34545,"room":"","alt":"2","building":"obh","img":"","description":"","person":""},
	{"lat":17.44505,"long":78.34545,"room":"","alt":"1","building":"obh","img":"","description":"","person":""},
	{"lat":17.44509,"long":78.34547,"room":"d323","alt":"3","building":"obh","img":"","description":"","person":"gaddamankitraj"},
	{"lat":17.44509,"long":78.34547,"room":"d223","alt":"2","building":"obh","img":"","description":"","person":"nurendra"},
	{"lat":17.44509,"long":78.34547,"room":"d123","alt":"1","building":"obh","img":"","description":"","person":"tummaladharmateja"},
	{"lat":17.44513,"long":78.34548,"room":"d324","alt":"3","building":"obh","img":"","description":"","person":"gurralakarthikreddy"},
	{"lat":17.44513,"long":78.34548,"room":"d224","alt":"2","building":"obh","img":"","description":"","person":"atulagarwal"},
	{"lat":17.44513,"long":78.34548,"room":"d124","alt":"1","building":"obh","img":"","description":"","person":"venumadhav"},
	{"lat":17.44523,"long":78.34552,"room":"d325","alt":"3","building":"obh","img":"","description":"","person":"kolluvamsikrishna"},
	{"lat":17.44523,"long":78.34552,"room":"d225","alt":"2","building":"obh","img":"","description":"","person":"vemulgowtham"},
	{"lat":17.44523,"long":78.34552,"room":"d125","alt":"1","building":"obh","img":"","description":"","person":"sharvil"},
	{"lat":17.44526,"long":78.34554,"room":"d326","alt":"3","building":"obh","img":"","description":"","person":"sahalsajjark"},
	{"lat":17.44526,"long":78.34554,"room":"d226","alt":"2","building":"obh","img":"","description":"","person":"kartavyagupta"},
	{"lat":17.44526,"long":78.34554,"room":"d126","alt":"1","building":"obh","img":"","description":"","person":"debayandas"},
	{"lat":17.44528,"long":78.34554,"room":"d327","alt":"3","building":"obh","img":"","description":"","person":"reguntasaicharan"},
	{"lat":17.44528,"long":78.34554,"room":"d227","alt":"2","building":"obh","img":"","description":"","person":"rohitroy"},
	{"lat":17.44528,"long":78.34554,"room":"d127","alt":"1","building":"obh","img":"","description":"","person":"yashpatel"},
	{"lat":17.44532,"long":78.34556,"room":"d328","alt":"3","building":"obh","img":"","description":"","person":"chakalinagaraju"},
	{"lat":17.44532,"long":78.34556,"room":"d228","alt":"2","building":"obh","img":"","description":"","person":"snehgupta"},
	{"lat":17.44532,"long":78.34556,"room":"d128","alt":"1","building":"obh","img":"","description":"","person":"siripragadashashank"},
	{"lat":17.446,"long":78.34917,"room":"a7cr1","alt":"1","building":"vindhya","img":"","description":"","person":""},
	{"lat":17.44596,"long":78.34923,"room":"a6202","alt":"1","building":"vindhya","img":"","description":"","person":""},
	{"lat":17.44595,"long":78.34924,"room":"a6201","alt":"1","building":"vindhya","img":"","description":"","person":""},
	{"lat":17.44593,"long":78.34927,"room":"a6staircase","alt":"1","building":"vindhya","img":"","description":"","person":""},
	{"lat":17.44582,"long":78.34940,"room":"a5workspace","alt":"1","building":"vindhya","img":"","description":"","person":""},
	{"lat":17.44570,"long":78.34954,"room":"a5library","alt":"1","building":"vindhya","img":"","description":"","person":""},
	{"lat":17.44558,"long":78.34967,"room":"a4lift","alt":"1","building":"vindhya","img":"","description":"","person":""},
	{"lat":17.44563,"long":78.34964,"room":"a4staircase","alt":"1","building":"vindhya","img":"","description":"","person":""},
	{"lat":17.44558,"long":78.34975,"room":"a3toilet","alt":"1","building":"vindhya","img":"","description":"","person":""},
	{"lat":17.44555,"long":78.34973,"room":"a3221","alt":"1","building":"vindhya","img":"","description":"","person":""},
	{"lat":17.44553,"long":78.34977,"room":"a3219","alt":"1","building":"vindhya","img":"","description":"","person":""},
	{"lat":17.44549,"long":78.34983,"room":"a3218","alt":"1","building":"vindhya","img":"","description":"","person":""},
	{"lat":17.44545,"long":78.34988,"room":"a3213","alt":"1","building":"vindhya","img":"","description":"","person":""},
	{"lat":17.44546,"long":78.34970,"room":"a3220","alt":"1","building":"vindhyaa2","img":"","description":"","person":""},
	{"lat":17.44543,"long":78.34976,"room":"a3217","alt":"1","building":"vindhya","img":"","description":"","person":""},
	{"lat":17.44542,"long":78.34979,"room":"a3216","alt":"1","building":"vindhya","img":"","description":"","person":""},
	{"lat":17.44554,"long":78.34981,"room":"a3215","alt":"1","building":"vindhya","img":"","description":"","person":""},
	{"lat":17.44537,"long":78.34983,"room":"a3214","alt":"1","building":"vindhya","img":"","description":"","person":""},
	{"lat":17.44542,"long":78.34989,"room":"a3211","alt":"1","building":"vindhya","img":"","description":"","person":""},
	{"lat":17.44537,"long":78.34985,"room":"a3212","alt":"1","building":"vindhya","img":"","description":"","person":""},
	{"lat":17.44526,"long":78.35002,"room":"a3201","alt":"1","building":"vindhya","img":"","description":"","person":""},
	{"lat":17.44526,"long":78.34996,"room":"a3204","alt":"1","building":"vindhya","img":"","description":"","person":""},
	{"lat":17.44527,"long":78.34994,"room":"a3205","alt":"1","building":"vindhya","img":"","description":"","person":""},
	{"lat":17.44528,"long":78.34992,"room":"a3206","alt":"1","building":"vindhya","img":"","description":"","person":""},
	{"lat":17.44529,"long":78.34991,"room":"a3207","alt":"1","building":"vindhya","img":"","description":"","person":""},
	{"lat":17.44532,"long":78.34988,"room":"a3209","alt":"1","building":"vindhya","img":"","description":"","person":""},
	{"lat":17.44532,"long":78.35005,"room":"a3202","alt":"1","building":"vindhya","img":"","description":"","person":""},
	{"lat":17.44536,"long":78.34999,"room":"a3203","alt":"1","building":"vindhya","img":"","description":"","person":""},
	{"lat":17.44540,"long":78.34995,"room":"a3210","alt":"1","building":"vindhya","img":"","description":"","person":""},
	{"lat":17.44526,"long":78.35013,"room":"a2staircase","alt":"1","building":"vindhya","img":"","description":"","person":""},
	{"lat":17.44518,"long":78.35012,"room":"a2201","alt":"1","building":"vindhya","img":"","description":"","person":""},
	{"lat":17.44510,"long":78.35014,"room":"a1201","alt":"1","building":"vindhya","img":"","description":"","person":""},
	{"lat":17.44601,"long":78.34943,"room":"b6201","alt":"1","building":"vindhya","img":"","description":"","person":""},
	{"lat":17.44606,"long":78.34936,"room":"b6202","alt":"1","building":"vindhya","img":"","description":"","person":""},
	{"lat":17.44603,"long":78.34958,"room":"b5207","alt":"1","building":"vindhya","img":"","description":"","person":""},
	{"lat":17.44602,"long":78.34961,"room":"b5205c","alt":"1","building":"vindhya","img":"","description":"","person":""},
	{"lat":17.44601,"long":78.34964,"room":"b5205b","alt":"1","building":"vindhya","img":"","description":"","person":""},
	{"lat":17.44598,"long":78.34966,"room":"b5205a","alt":"1","building":"vindhya","img":"","description":"","person":""},
	{"lat":17.44592,"long":78.34971,"room":"b5203","alt":"1","building":"vindhya","img":"","description":"","person":""},
	{"lat":17.44588,"long":78.34976,"room":"b5201","alt":"1","building":"vindhya","img":"","description":"","person":""},
	{"lat":17.44595,"long":78.34954,"room":"b5206c","alt":"1","building":"vindhya","img":"","description":"","person":""},
	{"lat":17.44592,"long":78.34958,"room":"b5206b","alt":"1","building":"vindhya","img":"","description":"","person":""},
	{"lat":17.44590,"long":78.34961,"room":"b5206a","alt":"1","building":"vindhya","img":"","description":"","person":""},
	{"lat":17.44588,"long":78.34964,"room":"b5209","alt":"1","building":"vindhya","img":"","description":"","person":""},
	{"lat":17.44584,"long":78.34969,"room":"b5202","alt":"1","building":"vindhya","img":"","description":"","person":""},
	{"lat":17.44579,"long":78.34985,"room":"b4toilet","alt":"1","building":"vindhya","img":"","description":"","person":""},
	{"lat":17.44573,"long":78.34991,"room":"b4stairs","alt":"1","building":"vindhya","img":"","description":"","person":""},
	{"lat":17.44562,"long":78.34977,"room":"b4201","alt":"1","building":"vindhya","img":"","description":"","person":""},
	{"lat":17.44564,"long":78.34979,"room":"b4202","alt":"1","building":"vindhya","img":"","description":"","person":""},
	{"lat":17.44566,"long":78.34982,"room":"b4203","alt":"1","building":"vindhya","img":"","description":"","person":""},
	{"lat":17.44568,"long":78.34983,"room":"b4204","alt":"1","building":"vindhya","img":"","description":"","person":""},
	{"lat":17.44571,"long":78.34984,"room":"b4205","alt":"1","building":"vindhya","img":"","description":"","person":""},
	{"lat":17.44566,"long":78.35002,"room":"b3204","alt":"1","building":"vindhya","img":"","description":"","person":""},
	{"lat":17.44558,"long":78.35011,"room":"b3203","alt":"1","building":"vindhya","img":"","description":"","person":""},
	{"lat":17.44558,"long":78.35013,"room":"b3202","alt":"1","building":"vindhya","img":"","description":"","person":""},
	{"lat":17.44555,"long":78.35016,"room":"b3201","alt":"1","building":"vindhya","img":"","description":"","person":""},
	{"lat":17.44559,"long":78.34996,"room":"b3205","alt":"1","building":"vindhya","img":"","description":"","person":""},
	{"lat":17.44533,"long":78.35012,"room":"b2computerlab","alt":"1","building":"vindhya","img":"","description":"","person":""},
	{"lat":17.44628,"long":78.34954,"room":"c6stairs","alt":"1","building":"vindhya","img":"","description":"","person":""},
	{"lat":17.44645,"long":78.34952,"room":"c7sbh","alt":"1","building":"vindhya","img":"","description":"","person":""},
	{"lat":17.44627,"long":78.34965,"room":"c5toilet","alt":"1","building":"vindhya","img":"","description":"","person":""},
	{"lat":17.44622,"long":78.34965,"room":"c5pantry","alt":"1","building":"vindhya","img":"","description":"","person":""},
	{"lat":17.44614,"long":78.34977,"room":"c5208","alt":"1","building":"vindhya","img":"","description":"","person":""},
	{"lat":17.44624,"long":78.34983,"room":"c5209","alt":"1","building":"vindhya","img":"","description":"","person":""},
	{"lat":17.44631,"long":78.34974,"room":"c5210","alt":"1","building":"vindhya","img":"","description":"","person":""},
	{"lat":17.44601,"long":78.34994,"room":"c5201","alt":"1","building":"vindhya","img":"","description":"","person":""},
	{"lat":17.44601,"long":78.34991,"room":"c5203","alt":"1","building":"vindhya","img":"","description":"","person":""},
	{"lat":17.44604,"long":78.34986,"room":"c5205","alt":"1","building":"vindhya","img":"","description":"","person":""},
	{"lat":17.44607,"long":78.34982,"room":"c5206","alt":"1","building":"vindhya","img":"","description":"","person":""},
	{"lat":17.44612,"long":78.34983,"room":"c5toilet","alt":"1","building":"vindhya","img":"","description":"","person":""},
	{"lat":17.44610,"long":78.35000,"room":"c5202","alt":"1","building":"vindhya","img":"","description":"","person":""},
	{"lat":17.44616,"long":78.34992,"room":"c5204","alt":"1","building":"vindhya","img":"","description":"","person":""},
	{"lat":17.44594,"long":78.34998,"room":"c4stairs","alt":"1","building":"vindhya","img":"","description":"","person":""},
	{"lat":17.44601,"long":78.34917,"room":"a7readingroom","alt":"0","building":"vindhya","img":"","description":"","person":""},
	{"lat":17.44591,"long":78.34921,"room":"a6xerox","alt":"0","building":"vindhya","img":"","description":"","person":""},
	{"lat":17.44595,"long":78.34923,"room":"a6toilet","alt":"0","building":"vindhya","img":"","description":"","person":""},
	{"lat":17.44593,"long":78.34927,"room":"a6staircase","alt":"0","building":"vindhya","img":"","description":"","person":""},
	{"lat":17.44583,"long":78.34932,"room":"a5iiitlibrary","alt":"0","building":"vindhya","img":"","description":"","person":""},
	{"lat":17.44558,"long":78.34967,"room":"a4lift","alt":"0","building":"vindhya","img":"","description":"","person":""},
	{"lat":17.44555,"long":78.34976,"room":"a3toilet","alt":"0","building":"vindhya","img":"","description":"","person":""},
	{"lat":17.44551,"long":78.34982,"room":"a3117","alt":"0","building":"vindhya","img":"","description":"","person":""},
	{"lat":17.44547,"long":78.34987,"room":"a3112","alt":"0","building":"vindhya","img":"","description":"","person":""},
	{"lat":17.44548,"long":78.34970,"room":"a3120","alt":"0","building":"vindhya","img":"","description":"","person":""},
	{"lat":17.44545,"long":78.34973,"room":"a3119","alt":"0","building":"vindhya","img":"","description":"","person":""},
	{"lat":17.44543,"long":78.34974,"room":"a3118","alt":"0","building":"vindhya","img":"","description":"","person":""},
	{"lat":17.44542,"long":78.34976,"room":"a3116","alt":"0","building":"vindhya","img":"","description":"","person":""},
	{"lat":17.44541,"long":78.34978,"room":"a3115","alt":"0","building":"vindhya","img":"","description":"","person":""},
	{"lat":17.44539,"long":78.34998,"room":"a3114","alt":"0","building":"vindhya","img":"","description":"","person":""},
	{"lat":17.44538,"long":78.34981,"room":"a3113","alt":"0","building":"vindhya","img":"","description":"","person":""},
	{"lat":17.44533,"long":78.34988,"room":"a3109","alt":"0","building":"vindhya","img":"","description":"","person":""},
	{"lat":17.44530,"long":78.34991,"room":"a3107","alt":"0","building":"vindhya","img":"","description":"","person":""},
	{"lat":17.44529,"long":78.34994,"room":"a3105","alt":"0","building":"vindhya","img":"","description":"","person":""},
	{"lat":17.44527,"long":78.34997,"room":"a3103","alt":"0","building":"vindhya","img":"","description":"","person":""},
	{"lat":17.44524,"long":78.35000,"room":"a3101","alt":"0","building":"vindhya","img":"","description":"","person":""},

	{"lat":17.44541,"long":78.34993,"room":"a3111","alt":"0","building":"vindhya","img":"","description":"","person":""},
	{"lat":17.44540,"long":78.34995,"room":"a3110","alt":"0","building":"vindhya","img":"","description":"","person":""},
	{"lat":17.44537,"long":78.34998,"room":"a3109","alt":"0","building":"vindhya","img":"","description":"","person":""},
	{"lat":17.44535,"long":78.35001,"room":"a3106","alt":"0","building":"vindhya","img":"","description":"","person":""},
	{"lat":17.44534,"long":78.35003,"room":"a3104","alt":"0","building":"vindhya","img":"","description":"","person":""},
	{"lat":17.44532,"long":78.35006,"room":"a3102","alt":"0","building":"vindhya","img":"","description":"","person":""},
	{"lat":17.44521,"long":78.35014,"room":"a2102","alt":"0","building":"vindhya","img":"","description":"","person":""},
	{"lat":17.44523,"long":78.35011,"room":"a2101","alt":"0","building":"vindhya","img":"","description":"","person":""},
	{"lat":17.44510,"long":78.35015,"room":"a1lounge","alt":"0","building":"vindhya","img":"","description":"","person":""},
	{"lat":17.44517,"long":78.35018,"room":"a1101","alt":"0","building":"vindhya","img":"","description":"","person":""},
	{"lat":17.44515,"long":78.35021,"room":"a1102","alt":"0","building":"vindhya","img":"","description":"","person":""},
	{"lat":17.44602,"long":78.34933,"room":"b6toilet","alt":"0","building":"vindhya","img":"","description":"","person":""},
	{"lat":17.44603,"long":78.34947,"room":"b6conferenceroom","alt":"0","building":"vindhya","img":"","description":"","person":""},
	{"lat":17.44582,"long":78.34970,"room":"b5101","alt":"0","building":"vindhya","img":"","description":"","person":""},
	{"lat":17.44588,"long":78.34976,"room":"b5102","alt":"0","building":"vindhya","img":"","description":"","person":""},
	{"lat":17.44579,"long":78.34985,"room":"b4toilet","alt":"0","building":"vindhya","img":"","description":"","person":""},
	{"lat":17.44575,"long":78.34991,"room":"b4stairs","alt":"0","building":"vindhya","img":"","description":"","person":""},
	{"lat":17.44563,"long":78.34978,"room":"b4101","alt":"0","building":"vindhya","img":"","description":"","person":""},
	{"lat":17.44568,"long":78.34973,"room":"b4102","alt":"0","building":"vindhya","img":"","description":"","person":""},
	{"lat":17.44567,"long":78.34984,"room":"b4103","alt":"0","building":"vindhya","img":"","description":"","person":""},
	{"lat":17.44573,"long":78.34977,"room":"b5104","alt":"0","building":"vindhya","img":"","description":"","person":""},
	{"lat":17.44558,"long":78.35001,"room":"b3","alt":"0","building":"vindhya","img":"","description":"","person":""},
	{"lat":17.44533,"long":78.35012,"room":"b2102","alt":"0","building":"vindhya","img":"","description":"","person":""},
	{"lat":17.44528,"long":78.35017,"room":"b2101","alt":"0","building":"vindhya","img":"","description":"","person":""},
	{"lat":17.44534,"long":78.35025,"room":"b2104","alt":"0","building":"vindhya","img":"","description":"","person":""},
	{"lat":17.44539,"long":78.35017,"room":"b2103","alt":"0","building":"vindhya","img":"","description":"","person":""},
	{"lat":17.44541,"long":78.35019,"room":"b2105","alt":"0","building":"vindhya","img":"","description":"","person":""},
	{"lat":17.44618,"long":78.34947,"room":"b6workspace","alt":"0","building":"vindhya","img":"","description":"","person":""},
	{"lat":17.44618,"long":78.34958,"room":"b6waitinghall","alt":"0","building":"vindhya","img":"","description":"","person":""},
	{"lat":17.44624,"long":78.34951,"room":"b6toilet","alt":"0","building":"vindhya","img":"","description":"","person":""},
	{"lat":17.44642,"long":78.34952,"room":"c7","alt":"0","building":"vindhya","img":"","description":"","person":""},
	{"lat":17.44621,"long":78.34979,"room":"c5","alt":"0","building":"vindhya","img":"","description":"","person":""},
	{"lat":17.44601,"long":78.35006,"room":"c4","alt":"0","building":"vindhya","img":"","description":"","person":""},
	{"lat":17.44580,"long":78.35024,"room":"c3","alt":"0","building":"vindhya","img":"","description":"","person":""},
	{"lat":17.44541,"long":78.35031,"room":"b2106","alt":"0","building":"vindhya","img":"","description":"","person":""},
	{"lat":17.44544,"long":78.35033,"room":"b2107","alt":"0","building":"vindhya","img":"","description":"","person":""},
	{"lat":17.44548,"long":78.35037,"room":"b2109","alt":"0","building":"vindhya","img":"","description":"","person":""},
	{"lat":17.44550,"long":78.35026,"room":"b2108","alt":"0","building":"vindhya","img":"","description":"","person":""},
	{"lat":17.44554,"long":78.35030,"room":"b2110","alt":"0","building":"vindhya","img":"","description":"","person":""},
	{"lat":17.44552,"long":78.35044,"room":"b2stairs","alt":"0","building":"vindhya","img":"","description":"","person":""},
	{"lat":17.44556,"long":78.35051,"room":"c2toilet","alt":"0","building":"vindhya","img":"","description":"","person":""},
	{"lat":17.44551,"long":78.35061,"room":"c1","alt":"0","building":"vindhya","img":"","description":"","person":""},
	{"lat":17.44600,"long":78.34917,"room":"a7cr2","alt":"2","building":"vindhya","img":"","description":"","person":""},
	{"lat":17.44893,"long":78.34927,"room":"a6staircase","alt":"2","building":"vindhya","img":"","description":"","person":""},
	{"lat":17.44584,"long":78.34936,"room":"a5201","alt":"2","building":"vindhya","img":"","description":"","person":""},
	{"lat":17.44558,"long":78.34967,"room":"a4lift","alt":"2","building":"vindhya","img":"","description":"","person":""},
	{"lat":17.44563,"long":78.34964,"room":"a4staircase","alt":"2","building":"vindhya","img":"","description":"","person":""},
	{"lat":17.44557,"long":78.34975,"room":"a3toilet","alt":"2","building":"vindhya","img":"","description":"","person":""},
	{"lat":17.44554,"long":78.34973,"room":"a3315","alt":"2","building":"vindhya","img":"","description":"","person":""},
	{"lat":17.44555,"long":78.34982,"room":"a3314","alt":"2","building":"vindhya","img":"","description":"","person":""},
	{"lat":17.44539,"long":78.34979,"room":"a3313","alt":"2","building":"vindhya","img":"","description":"","person":""},
	{"lat":17.44543,"long":78.34972,"room":"a3316","alt":"2","building":"vindhya","img":"","description":"","person":""},
	{"lat":17.44548,"long":78.34971,"room":"a3317","alt":"2","building":"vindhya","img":"","description":"","person":""},
	{"lat":17.44544,"long":78.34976,"room":"a3318","alt":"2","building":"vindhya","img":"","description":"","person":""},
	{"lat":17.44541,"long":78.34990,"room":"a3312","alt":"2","building":"vindhya","img":"","description":"","person":""},
	{"lat":17.44538,"long":78.34996,"room":"a3305","alt":"2","building":"vindhya","img":"","description":"","person":""},
	{"lat":17.44533,"long":78.35003,"room":"a3301","alt":"2","building":"vindhya","img":"","description":"","person":""},
	{"lat":17.44525,"long":78.35001,"room":"a3302","alt":"2","building":"vindhya","img":"","description":"","person":""},
	{"lat":17.44525,"long":78.34997,"room":"a3303","alt":"2","building":"vindhya","img":"","description":"","person":""},
	{"lat":17.44527,"long":78.34996,"room":"a3304","alt":"2","building":"vindhya","img":"","description":"","person":""},
	{"lat":17.44526,"long":78.34995,"room":"a3307","alt":"2","building":"vindhya","img":"","description":"","person":""},
	{"lat":17.44529,"long":78.34996,"room":"a3306","alt":"2","building":"vindhya","img":"","description":"","person":""},
	{"lat":17.44531,"long":78.34994,"room":"a3309","alt":"2","building":"vindhya","img":"","description":"","person":""},
	{"lat":17.44528,"long":78.34992,"room":"a3308","alt":"2","building":"vindhya","img":"","description":"","person":""},
	{"lat":17.44533,"long":78.34991,"room":"a3311","alt":"2","building":"vindhya","img":"","description":"","person":""},
	{"lat":17.44531,"long":78.34989,"room":"a3310","alt":"2","building":"vindhya","img":"","description":"","person":""},
	{"lat":17.44526,"long":78.35013,"room":"a2staircase","alt":"2","building":"vindhya","img":"","description":"","person":""},
	{"lat":17.44601,"long":78.34933,"room":"b6301","alt":"2","building":"vindhya","img":"","description":"","person":""},
	{"lat":17.44597,"long":78.34941,"room":"b6302","alt":"2","building":"vindhya","img":"","description":"","person":""},
	{"lat":17.44605,"long":78.34935,"room":"b6304","alt":"2","building":"vindhya","img":"","description":"","person":""},
	{"lat":17.44608,"long":78.34936,"room":"b6305","alt":"2","building":"vindhya","img":"","description":"","person":""},
	{"lat":17.44610,"long":78.34939,"room":"b6306","alt":"2","building":"vindhya","img":"","description":"","person":""},
	{"lat":17.44601,"long":78.34943,"room":"b6303","alt":"2","building":"vindhya","img":"","description":"","person":""},
	{"lat":17.44603,"long":78.34947,"room":"b6307","alt":"2","building":"vindhya","img":"","description":"","person":""},
	{"lat":17.44612,"long":78.34941,"room":"b6309","alt":"2","building":"vindhya","img":"","description":"","person":""},
	{"lat":17.44582,"long":78.34971,"room":"b8301","alt":"2","building":"vindhya","img":"","description":"","person":""},
	{"lat":17.44585,"long":78.34968,"room":"b5302","alt":"2","building":"vindhya","img":"","description":"","person":""},
	{"lat":17.44588,"long":78.34966,"room":"b5304","alt":"2","building":"vindhya","img":"","description":"","person":""},
	{"lat":17.44589,"long":78.34977,"room":"b5303","alt":"2","building":"vindhya","img":"","description":"","person":""},
	{"lat":17.44591,"long":78.34970,"room":"b5305","alt":"2","building":"vindhya","img":"","description":"","person":""},
	{"lat":17.44593,"long":78.34966,"room":"b5306","alt":"2","building":"vindhya","img":"","description":"","person":""},
	{"lat":17.44598,"long":78.34966,"room":"b5307","alt":"2","building":"vindhya","img":"","description":"","person":""},
	{"lat":17.44601,"long":78.34963,"room":"b5308","alt":"2","building":"vindhya","img":"","description":"","person":""},
	{"lat":17.44603,"long":78.34961,"room":"b5309","alt":"2","building":"vindhya","img":"","description":"","person":""},
	{"lat":17.44603,"long":78.34958,"room":"b5311","alt":"2","building":"vindhya","img":"","description":"","person":""},
	{"lat":17.44593,"long":78.34957,"room":"b5310","alt":"2","building":"vindhya","img":"","description":"","person":""},
	{"lat":17.44579,"long":78.34985,"room":"b4toilet","alt":"2","building":"vindhya","img":"","description":"","person":""},
	{"lat":17.44575,"long":78.34990,"room":"b4stairs","alt":"2","building":"vindhya","img":"","description":"","person":""},
	{"lat":17.44566,"long":78.34972,"room":"b4301","alt":"2","building":"vindhya","img":"","description":"","person":""},
	{"lat":17.44563,"long":78.34978,"room":"b4302","alt":"2","building":"vindhya","img":"","description":"","person":""},
	{"lat":17.44571,"long":78.34976,"room":"b4303","alt":"2","building":"vindhya","img":"","description":"","person":""},
	{"lat":17.44567,"long":78.34984,"room":"b4304","alt":"2","building":"vindhya","img":"","description":"","person":""},
	{"lat":17.44550,"long":78.35009,"room":"b3301","alt":"2","building":"vindhya","img":"","description":"","person":""},
	{"lat":17.44551,"long":78.35006,"room":"b3304","alt":"2","building":"vindhya","img":"","description":"","person":""},
	{"lat":17.44554,"long":78.35003,"room":"b3306","alt":"2","building":"vindhya","img":"","description":"","person":""},
	{"lat":17.44556,"long":78.35001,"room":"b3307","alt":"2","building":"vindhya","img":"","description":"","person":""},
	{"lat":17.44559,"long":78.34998,"room":"b3308","alt":"2","building":"vindhya","img":"","description":"","person":""},
	{"lat":17.44556,"long":78.34996,"room":"b3309","alt":"2","building":"vindhya","img":"","description":"","person":""},
	{"lat":17.44561,"long":78.34998,"room":"b3310","alt":"2","building":"vindhya","img":"","description":"","person":""},
	{"lat":17.44562,"long":78.34994,"room":"b3312","alt":"2","building":"vindhya","img":"","description":"","person":""},
	{"lat":17.44555,"long":78.35016,"room":"b3302","alt":"2","building":"vindhya","img":"","description":"","person":""},
	{"lat":17.44558,"long":78.35012,"room":"b3303","alt":"2","building":"vindhya","img":"","description":"","person":""},
	{"lat":17.44559,"long":78.35007,"room":"b3305","alt":"2","building":"vindhya","img":"","description":"","person":""},
	{"lat":17.44565,"long":78.35002,"room":"b3311","alt":"2","building":"vindhya","img":"","description":"","person":""},
	{"lat":17.44532,"long":78.35011,"room":"b2301","alt":"2","building":"vindhya","img":"","description":"","person":""},
	{"lat":17.44529,"long":78.35018,"room":"b2302","alt":"2","building":"vindhya","img":"","description":"","person":""},
	{"lat":17.44536,"long":78.35013,"room":"b2303","alt":"2","building":"vindhya","img":"","description":"","person":""},
	{"lat":17.44529,"long":78.35020,"room":"b2304","alt":"2","building":"vindhya","img":"","description":"","person":""},
	{"lat":17.44531,"long":78.35021,"room":"b2305","alt":"2","building":"vindhya","img":"","description":"","person":""},
	{"lat":17.44533,"long":78.35023,"room":"b2306","alt":"2","building":"vindhya","img":"","description":"","person":""},
	{"lat":17.44535,"long":78.35025,"room":"b2309","alt":"2","building":"vindhya","img":"","description":"","person":""},
	{"lat":17.44539,"long":78.35015,"room":"b2307","alt":"2","building":"vindhya","img":"","description":"","person":""},
	{"lat":17.44541,"long":78.35018,"room":"b2308","alt":"2","building":"vindhya","img":"","description":"","person":""},
	{"lat":17.44619,"long":78.34947,"room":"b6309","alt":"2","building":"vindhya","img":"","description":"","person":""},
	{"lat":17.44610,"long":78.34953,"room":"b6310","alt":"2","building":"vindhya","img":"","description":"","person":""},
	{"lat":17.44614,"long":78.34955,"room":"b6311","alt":"2","building":"vindhya","img":"","description":"","person":""},
	{"lat":17.44617,"long":78.34958,"room":"b6312","alt":"2","building":"vindhya","img":"","description":"","person":""},
	{"lat":17.44627,"long":78.34953,"room":"c6stairs","alt":"2","building":"vindhya","img":"","description":"","person":""},
	{"lat":17.44630,"long":78.34957,"room":"c6toilet","alt":"2","building":"vindhya","img":"","description":"","person":""},
	{"lat":17.44642,"long":78.34954,"room":"sh1","alt":"2","building":"vindhyaa6","img":"","description":"","person":""},
	{"lat":17.44618,"long":78.34971,"room":"c5302","alt":"2","building":"vindhya","img":"","description":"","person":""},
	{"lat":17.44631,"long":78.34973,"room":"c5303","alt":"2","building":"vindhya","img":"","description":"","person":""},
	{"lat":17.44593,"long":78.34996,"room":"c4stairs","alt":"2","building":"vindhya","img":"","description":"","person":""},
	{"lat":17.44589,"long":78.35003,"room":"c4301","alt":"2","building":"vindhya","img":"","description":"","person":""},
	{"lat":17.44592,"long":78.35004,"room":"c4302","alt":"2","building":"vindhya","img":"","description":"","person":""},
	{"lat":17.44598,"long":78.35013,"room":"c4303","alt":"2","building":"vindhya","img":"","description":"","person":""},
	{"lat":17.44599,"long":78.35011,"room":"c4304","alt":"2","building":"vindhya","img":"","description":"","person":""},
	{"lat":17.44602,"long":78.35009,"room":"c4305","alt":"2","building":"vindhya","img":"","description":"","person":""},
	{"lat":17.44604,"long":78.35007,"room":"c4toilet","alt":"2","building":"vindhya","img":"","description":"","person":""},
	{"lat":17.44577,"long":78.35019,"room":"c3315","alt":"2","building":"vindhya","img":"","description":"","person":""},
	{"lat":17.44584,"long":78.35012,"room":"c3317","alt":"2","building":"vindhya","img":"","description":"","person":""},
	{"lat":17.44586,"long":78.35028,"room":"c3316","alt":"2","building":"vindhya","img":"","description":"","person":""},
	{"lat":17.44591,"long":78.35020,"room":"c3318","alt":"2","building":"vindhya","img":"","description":"","person":""},
	{"lat":17.44541,"long":78.35031,"room":"b2310","alt":"2","building":"vindhya","img":"","description":"","person":""},
	{"lat":17.44543,"long":78.35033,"room":"b2312","alt":"2","building":"vindhya","img":"","description":"","person":""},
	{"lat":17.44546,"long":78.35035,"room":"b2313","alt":"2","building":"vindhya","img":"","description":"","person":""},
	{"lat":17.44548,"long":78.35037,"room":"b2314","alt":"2","building":"vindhya","img":"","description":"","person":""},
	{"lat":17.44550,"long":78.35039,"room":"b2315","alt":"2","building":"vindhya","img":"","description":"","person":""},
	{"lat":17.44552,"long":78.35030,"room":"b2316","alt":"2","building":"vindhya","img":"","description":"","person":""},
	{"lat":17.44549,"long":78.35026,"room":"b2311","alt":"2","building":"vindhya","img":"","description":"","person":""},
	{"lat":17.44551,"long":78.35046,"room":"c2stairs","alt":"2","building":"vindhya","img":"","description":"","person":""}
]
